case,comp,Req,true,prad_0.7,cr_0.7,rc_0.7,prad_1.25,cr_1.25,rc_1.25,prad_2.5,cr_2.5,rc_2.5,prad_3.75,cr_3.75,rc_3.75,prad_5.0,cr_5.0,rc_5.0
lung_001.nii.gz,1,6.342987464126621,0.8940118349643339,0.8244491768274033,0.9001932624750276,0.8970813928666038,0.8168467919296445,0.9134127409901683,0.9083061532883624,0.7745497924723489,0.9177514312227087,0.9090126663605105,0.7659268570180564,0.93734539928379,0.9243181899057413,0.76547721051455,0.9522201194054635,0.9383338717415152
lung_003.nii.gz,1,6.750302645638412,0.9394972492967971,0.8628876066361881,0.9418686922165674,0.9389339257311694,0.8419686279205654,0.9420152701264985,0.9373891473133265,0.7996925809307799,0.9527262825746203,0.9434054170418884,0.7703698822831804,0.9516706166284233,0.9366095958951371,0.7830714049855958,0.9897191122106399,0.9658841840998306
lung_004.nii.gz,1,6.278495188939584,0.8247253016440438,0.7607921724437161,0.8300023026544091,0.8261679574225559,0.7379272345021305,0.8292549461754591,0.8236098620359167,0.6959528160834797,0.8322154962176723,0.8199926979107314,0.6804884539800767,0.8420427548418871,0.8245675181216144,0.6800854126267026,0.8616414503102142,0.8332362747925336
lung_005.nii.gz,1,11.771672958825855,0.9104418933173681,0.8403232012014065,0.9141204890351661,0.9125686319395762,0.8163117884098446,0.9110142817827892,0.9084781781585082,0.7661083967771978,0.9091603982659849,0.9041239494671561,0.7471860108567187,0.9162775499900006,0.9084228883916645,0.7383107833556145,0.9220996947788095,0.912963974210283
lung_006.nii.gz,1,9.696679230196054,0.8497465319949724,0.7862226416615017,0.8549137571020649,0.8529337869115791,0.7690549846897378,0.8589425740459403,0.8554061842624155,0.7224784816503959,0.8574081616142224,0.8500835924873938,0.7061502670929762,0.864838137758022,0.8542135372645502,0.6985575049903715,0.8683788260285744,0.8557598409322265
lung_009.nii.gz,1,27.79640433394389,0.849871062095512,0.7839467896270369,0.8527512925184128,0.8517470525219769,0.7720470864790809,0.8608335360063771,0.8588879991983892,0.7362954032732305,0.8692073857929684,0.8655297144018143,0.7216878290474932,0.8774547448444056,0.8727508636436297,0.715496419815897,0.884568407911757,0.8796319874326555
lung_010.nii.gz,2,14.107503761945827,0.8351909385327276,0.7697784890124022,0.8382196901331449,0.8368301819578634,0.7584278956384937,0.8470745242764677,0.844626637129219,0.7288216486849014,0.8603319522562725,0.8561927391180029,0.7042297729138625,0.8554291949439813,0.850261955132907,0.6902841047931857,0.8521814445734529,0.8454513445994255
lung_014.nii.gz,1,19.450176229718235,0.9253820429813316,0.8503715899236614,0.9259162360730522,0.9251870737373792,0.8347620990577832,0.9297738784712953,0.9284079806580691,0.7858180335881652,0.9293989176147823,0.9267701843488417,0.7617705447049761,0.9303763086730682,0.9262501869921924,0.749059969195193,0.932755656217314,0.9268742712270929
lung_015.nii.gz,1,6.143606357422608,0.9537984676304071,0.8781644346666765,0.9573596769555038,0.9542786122578604,0.8539715713261646,0.9557029594128842,0.9509293551849557,0.8040131986823029,0.9572949530070595,0.9468888346437452,0.7696638985195611,0.9492120761283385,0.9304907683764515,0.7751198784272412,0.9749699123580354,0.949407615124612
lung_016.nii.gz,1,10.429154497051686,0.8176753869750633,0.7530474918379751,0.8202930099506958,0.8182222760203613,0.7305950954946483,0.8156431051108952,0.8123075687831949,0.689847862714026,0.8210603450171008,0.813996454201793,0.6744495731108504,0.8317135629442575,0.8190578080439753,0.6794662691548795,0.8547018132720604,0.8411785017594579
lung_018.nii.gz,1,12.428516432093332,0.733826074823355,0.6765172691668662,0.737730876991499,0.7356266084496942,0.6560719379328175,0.7305699983236504,0.7258317351390388,0.620914981491809,0.7436874284127506,0.7332237135421483,0.6273435263857946,0.779980786627922,0.768087041845217,0.6111962696489446,0.7777643137419122,0.7607653950741496
lung_020.nii.gz,1,8.424581598099836,0.8758101113157739,0.807384552537476,0.88134151972439,0.878726166187677,0.7819035187675275,0.8713038325821406,0.866273049642857,0.7434435313823085,0.8896539330095484,0.8777285286509834,0.7411064342458952,0.9238919669906278,0.9023977689638151,0.7427013822318679,0.9476832944683459,0.919453043119999
lung_022.nii.gz,1,23.92502194282294,0.698231518592781,0.6468349002613533,0.7041074485266816,0.7026044450243694,0.6284315882607093,0.698805540246391,0.6957062623650261,0.6030210120727403,0.7195439297425735,0.7121036303801201,0.6010966239924712,0.7446549808548865,0.7358343815768907,0.5992458770073396,0.759171867496104,0.7492075949891931
lung_023.nii.gz,1,10.229343896054576,0.8016914331134107,0.7392530019451179,0.8057826024249165,0.8037414604857515,0.7284434307204418,0.8116465840108091,0.8079403451758891,0.6896119210017297,0.817066018001927,0.8092907432889932,0.6748435858817753,0.8273733154248291,0.8163967913451146,0.6701885862815907,0.8375525364724187,0.824228022967418
lung_025.nii.gz,1,9.576563727425087,0.942653886714204,0.8679621892946878,0.9461933640247627,0.9443122399900855,0.8403878759219046,0.9377079215348515,0.9343031011365969,0.793351416341966,0.9433534984333524,0.9365978363075845,0.7679438815902907,0.9448991728249988,0.9346918149904814,0.7667183877842646,0.9619096066845482,0.9483652741417488
lung_026.nii.gz,1,17.31532485886351,0.8360575202421988,0.772955945277736,0.8408814903007427,0.839570223733093,0.7556453214680102,0.8420904545252013,0.8398081392781873,0.7176098928332482,0.8512633053309994,0.8465725667982454,0.6985191613921463,0.8564306776482747,0.8495750206746181,0.6923419178169299,0.8649297563578244,0.8564038353205744
lung_027.nii.gz,1,19.159157200345952,0.9067360040891862,0.8402219178955549,0.9137954964633201,0.912642036542955,0.8197181205299299,0.9131056209845935,0.9106798097090548,0.7777930356452183,0.9228560500205223,0.9184343442531322,0.7590789242734443,0.9319472593706916,0.9253760738074814,0.748354989815231,0.9368889517588327,0.928797191313838
lung_028.nii.gz,5,32.945910459308344,0.6999798193309282,0.6476731198976692,0.7049237791159855,0.703724256742662,0.6386792560710232,0.7110526549362954,0.7081630249806907,0.6175485517490266,0.7307267316188532,0.7243569395198889,0.6084090960657784,0.7431996056835506,0.7346863470485575,0.6052875837209973,0.7526235627633131,0.7426271113236718
lung_029.nii.gz,1,9.161521301620036,0.8622226292299238,0.7949361158411729,0.8661112643068659,0.8634205219912139,0.7720987948802301,0.8630077562227699,0.8580496205912045,0.7270651559673817,0.8655862982712831,0.8561655147737705,0.6889894605596211,0.8486883463283587,0.8308798042312149,0.7138133965993977,0.8943981502859147,0.8776670890819501
lung_031.nii.gz,1,25.438475268106632,0.666216826612128,0.6165855066239722,0.6710818128041381,0.6696098841032739,0.6071177026853675,0.676325367988004,0.6731770916781762,0.5823328188569085,0.688858377054309,0.6821940491395001,0.574189604227688,0.7008203097517022,0.6903547641432747,0.5767255975425692,0.7153925653848955,0.7047900497283012
lung_033.nii.gz,1,19.684543956822267,0.6187166210256493,0.569218350754301,0.6207222154735331,0.619318716493055,0.5629700060655136,0.6286206542393727,0.6261437588211659,0.5393304540207746,0.6374046750415309,0.6323526567084502,0.5315828134101759,0.6473515218672626,0.6401965881126102,0.5324139704508893,0.6585796487172583,0.6503058172953456
lung_034.nii.gz,1,14.898202615213748,0.8651210049013938,0.7974626205824255,0.8681538901986556,0.8663197171637004,0.7798023070433437,0.8697449204796855,0.866485160239674,0.7394044623288673,0.875219152660155,0.8685673277443292,0.7194680575893377,0.8785293252661703,0.8705863285466434,0.7179299463743618,0.8930233867438214,0.8833186683950736
lung_036.nii.gz,1,11.927656789855016,0.6625124879644405,0.6140579956800737,0.6695811287691419,0.666646818230208,0.5935833173168801,0.6617474778251012,0.6564513817060876,0.5720380525307626,0.6887780986348636,0.6772924246527561,0.5702266315013298,0.7155943167800519,0.6945123510425634,0.5804168986122612,0.7488081561975336,0.7158748247893314
lung_037.nii.gz,1,6.1547398565138955,0.9003086791502569,0.8275996072287842,0.9043890611710553,0.9006239782599207,0.8211794810036825,0.9207788662345644,0.91554009919632,0.7801386690737987,0.9262189905676371,0.9170541985202174,0.7713467144745905,0.9486266879421885,0.9348950887273846,0.7542223827440703,0.9424461655673703,0.9254433174242686
lung_038.nii.gz,1,10.581077311918515,0.8437724769216308,0.7815045706458608,0.851001609613033,0.8482285987283146,0.765124005695392,0.8526817167372296,0.8483513680083244,0.7372755102465763,0.8778817933025364,0.868815912365824,0.7137538104275798,0.880029902877344,0.8680789098365246,0.7237568409871669,0.9124910007716922,0.8974963988451048
lung_041.nii.gz,1,24.727942038143595,0.8186951284950775,0.7596696061515512,0.8264978421421437,0.8251766987823109,0.7403102136837919,0.8233183576099572,0.8202097163171315,0.706554811253711,0.8396637634360725,0.8326203473358763,0.6996581530607541,0.8620567189735676,0.8519561754393675,0.6983251707554858,0.8770406376722057,0.8656110895847848
lung_042.nii.gz,1,10.85184692580569,0.6754118398440422,0.6301411835122109,0.6869169646122173,0.6837328546239974,0.6122907782099045,0.6828571802988535,0.6756231089382609,0.6059184450296248,0.7270185898054571,0.7159984560502245,0.607141581663371,0.7595671384799819,0.7400173197373564,0.5957620490434767,0.7658243670108394,0.7324858982400428
lung_043.nii.gz,1,8.404822617529312,0.8185355605905782,0.7563237616134245,0.8251400320252756,0.821708511155303,0.7332880161701372,0.8202631126445675,0.8136447094057903,0.7013790827391704,0.8372186450865978,0.8248648053242512,0.6918862592955461,0.8545638275274615,0.8370723810218038,0.7174887834477444,0.9002351832822736,0.8832651276231774
lung_044.nii.gz,1,14.21869231037965,0.74933841626353,0.6929185862049341,0.7549508546899393,0.7528152136978719,0.6828076923375579,0.7618324103322386,0.7573644446504515,0.6575545637221579,0.7783133318377464,0.7678435050745485,0.6552128911966095,0.7998834444008839,0.7859362329760042,0.6577587361882955,0.8148178013952861,0.8017668728094325
lung_045.nii.gz,1,11.349856567234717,0.8503440500481693,0.7840170041960062,0.8547657528542998,0.8531846689611126,0.760601959009421,0.8470647895484666,0.8438666505214442,0.7204716008691667,0.8578338347258946,0.8507205233853409,0.6939086956692838,0.8572000686891347,0.8452899437125034,0.7032695114301548,0.8858431306067703,0.8727776041268583
lung_046.nii.gz,1,13.27985712232433,0.8088160857170843,0.7440687739330833,0.8108418087306077,0.809419605969849,0.7323425551267636,0.8148384773892617,0.8123808503291502,0.692534950543223,0.819141915348849,0.8145774962691527,0.6746090540651201,0.8244729176930979,0.8176884433865209,0.6653551818204394,0.8289353576682393,0.8204909573629028
lung_047.nii.gz,1,10.481764839790005,0.904286709624158,0.8340240692367394,0.9083862942011948,0.9064180631305186,0.8164623291013723,0.9128490208599112,0.909524063479084,0.7837424552726349,0.9311634161822244,0.9243122326283606,0.7684982528417077,0.9422151739272465,0.932109676438133,0.7668753213562328,0.9568286015073183,0.946059891247141
lung_048.nii.gz,1,8.325624384483303,0.9423495967130366,0.8673583944269699,0.9461840187667164,0.9438806242321789,0.8485900054548833,0.9476943798079099,0.9432450529355846,0.8123893829038997,0.9671576257643646,0.9577475743228664,0.8044470564581871,0.9916764597201979,0.9800213639237801,0.7739116309571953,0.976817291396633,0.9602828240357429
lung_049.nii.gz,1,10.277131794706792,0.9062693500202021,0.8390471015258628,0.9141645925219767,0.911985263587663,0.8236601350225774,0.916912333112958,0.9129145679161196,0.7899801819475792,0.9385595467914601,0.9301224945794679,0.7749052235931186,0.9526359618079613,0.9424348014934064,0.7528915901212089,0.9443168568468465,0.9289633067140369
lung_051.nii.gz,1,14.277479799466734,0.856233646942324,0.7898447655568411,0.8597296442011584,0.8583277733385621,0.7737940278913326,0.8628526445420022,0.8604800351165446,0.7413254713643799,0.8778916907078234,0.8729154989866954,0.724698644339736,0.8859228942836692,0.8780065597868916,0.7186748701135159,0.8943798242027666,0.8848306898223631
lung_053.nii.gz,1,44.74095404997822,0.8799913035488096,0.8162139839632649,0.886333121948974,0.8854142173014199,0.7961515243366234,0.8845598429945115,0.8821925160254015,0.759612801875306,0.8979529242882577,0.8931783390888107,0.7436382491599786,0.908984368250799,0.9029498777054186,0.7402185586924791,0.9219457681524483,0.9165384637249646
lung_054.nii.gz,1,11.341466061791865,0.8540761764438646,0.7920548799323791,0.8618328948171602,0.858926778263569,0.7745300442157624,0.8626409348525104,0.8571590734614493,0.7343109958877138,0.8723136043878501,0.8627191678904103,0.7363250978906027,0.9059376097035704,0.8943259476089523,0.7128362474745923,0.8916729744830961,0.8769755854550471
lung_055.nii.gz,1,18.689293353902702,0.6329912617866179,0.5863646104872168,0.638291507175852,0.636746856243863,0.5667512377252097,0.6306656179234067,0.6268848506888776,0.5384229092381617,0.6406839466346076,0.6330823234097256,0.5362436812680622,0.662769670890529,0.6499359217227879,0.5311863505954189,0.6697601723047324,0.6542897262539717
lung_057.nii.gz,1,10.379550021354929,0.8914425610178836,0.8206964675164623,0.8949256604994277,0.893324638544608,0.7991263832087768,0.8919255568122438,0.8889239675481941,0.7796144959587433,0.9263319822893638,0.9213109274562877,0.7384932237878838,0.9071977593676873,0.8996430629124003,0.7400996378234193,0.9295390131795281,0.9193819767532799
lung_058.nii.gz,1,5.396539649369715,0.9560738196998669,0.8754965657204438,0.9576027247501088,0.9535392389802899,0.8640419160614027,0.9684407337854607,0.962568138061703,0.8422660966813575,1.000522933852084,0.9889388354645169,0.8021966668701522,0.9840988515377497,0.9681609740996274,0.7793640127874752,0.9729578764659839,0.952065231527789
lung_059.nii.gz,1,6.804921331670443,0.9035939912425799,0.8300889373616714,0.9068903368660067,0.9031907731034856,0.8054092588915193,0.9007083793338683,0.8954767260325256,0.7523458154591967,0.8981289053063652,0.8872053221481638,0.7272915737973206,0.9004263527197834,0.8804088522618682,0.7523521002331254,0.9520824114175465,0.9264071081798559
lung_061.nii.gz,1,6.747138738862419,0.9231634282858481,0.8480016807907216,0.9267350826881678,0.9231348829807345,0.8264963132199505,0.9246718100120407,0.9186094004691235,0.7896097481041743,0.9417499702036386,0.9300611813326299,0.772562836719286,0.9564296452001616,0.9380183926077926,0.7757205675857136,0.9799660874244945,0.9539590586369773
lung_062.nii.gz,1,10.438281515258652,0.9436330041420575,0.8656255154279351,0.9454243541590159,0.9438557805021336,0.848398124925755,0.9459433528175284,0.9432891626545473,0.8013981275201706,0.9500100269722068,0.944177094337819,0.7840079221651738,0.963309652827966,0.9540093923751805,0.7725551445466959,0.9688129021652662,0.9574642827539792
lung_064.nii.gz,1,27.88215161080831,0.8157283136563442,0.7496386854453622,0.8165772090745614,0.8157086980287712,0.7386159232393986,0.8224683247923418,0.8209264863096415,0.6973532577722051,0.8238013323868736,0.8206101280182962,0.6754364174568358,0.8226455769290939,0.8181309961755323,0.6705607963238561,0.8310413139573103,0.8254931795065329
lung_065.nii.gz,1,21.49914339407821,0.8034156597489851,0.7435750190876179,0.8088763606785488,0.8077575617653278,0.7322330787381435,0.8144731984627801,0.8123638311406074,0.6996276811097847,0.8268005858158632,0.8230287984939825,0.6868361751938675,0.8379069100662419,0.8334212316431492,0.6705102205238646,0.8338683018076324,0.8279652717762079
lung_066.nii.gz,1,12.14140640712463,0.7935773082377511,0.7328982503954519,0.7980230293981307,0.7962733116225434,0.7260651147798893,0.8112463770840322,0.8081942362488294,0.6976778276463637,0.8236109200831221,0.8184158114300238,0.6749722095529154,0.8203571289519053,0.8126482931641817,0.6731311704762071,0.8291980903360603,0.8204517780831067
lung_069.nii.gz,1,5.237435959025026,0.9150691033070074,0.8420963824211584,0.9215838274448512,0.9168366050468283,0.826342867770685,0.9291253971129027,0.9217756583968976,0.7992053944726442,0.9535886040478708,0.9439801750840823,0.7486114541058532,0.921726698150807,0.9043105506705563,0.7437213208154518,0.9320653237578188,0.9096567099999665
lung_070.nii.gz,1,7.778534958646883,0.9055918162127161,0.8287631690307831,0.9059422828558943,0.903171811149412,0.8116097642370598,0.9089826436843861,0.9050037429014391,0.7753789219871624,0.9226917920995928,0.9148200134980268,0.7598872632985523,0.9337632761275202,0.9228441103659275,0.7555193793823153,0.9485968697648738,0.9318841471255476
lung_071.nii.gz,1,6.918376287519665,0.811557761856623,0.7437952200174115,0.814247616194725,0.8108159899902992,0.7341478640460269,0.8233267002069428,0.8182430448419052,0.6956641944101863,0.8270828903706868,0.8172448921863847,0.7010476152061232,0.8602661788681544,0.8453730963101168,0.6705233992301135,0.8403649102877516,0.8205287105384084
lung_073.nii.gz,1,12.737919461782916,0.7946728673583918,0.733199560664032,0.799294701843735,0.7968477457545503,0.7105417447727573,0.7922647510577548,0.7876358370985538,0.6799789579673766,0.8098016959817333,0.7995192360106125,0.6701763185071433,0.8269448813781772,0.8121972831714249,0.6754584654535608,0.8502932446700142,0.8354191509901878
lung_074.nii.gz,13,18.439043781370927,0.6048931602979672,0.5570365452644008,0.6072438467292244,0.6057373437239809,0.5489522023832151,0.6119855863732685,0.609365873021115,0.5222054291893281,0.6169978572103928,0.6110948650830413,0.5089912682026418,0.6206322983764804,0.611897369406195,0.5002951457329318,0.6244786082927295,0.6143725908829437
lung_075.nii.gz,2,13.752293534435625,0.8563535263550753,0.7888221412527513,0.859284937464805,0.8576205385818136,0.7783117378196663,0.868369674140194,0.8658485077559099,0.7369991842863044,0.8710472609492195,0.8668639035257737,0.7208064697467513,0.878384408076764,0.8726783001304991,0.7097515725457685,0.8801545082573239,0.8731501504861748
lung_078.nii.gz,1,10.803010896392694,0.7248644329278393,0.6752484830136204,0.7338291795178117,0.7319344971956955,0.6492767423428707,0.723323780997685,0.7197469012080506,0.6086679541829154,0.7268466049871015,0.7177516414423959,0.6001359321709536,0.7446664167452987,0.7294468382055794,0.5985409658850606,0.7570689420555229,0.7361554980795858
lung_079.nii.gz,1,8.89224157972526,0.89492655240407,0.8225324948615361,0.8977911297355984,0.8953096011913955,0.8124115907043284,0.9080054572242077,0.9042148390199284,0.7724010211272406,0.9144298246504485,0.9070711297315251,0.7578274628425831,0.9263266349884907,0.915145985248819,0.7600179981234841,0.9431507032263852,0.9310670374727955
lung_080.nii.gz,1,6.015879136604715,0.9013184544836828,0.8287489945925444,0.905696545957494,0.9023778470759405,0.7907912930003428,0.8849523288866167,0.8782993349391545,0.7447038986300923,0.8964423099076905,0.8781261291758423,0.7515668160769257,0.9446223530821961,0.90817618972461,0.7524534240747878,0.9609331903815201,0.9178821801549425
lung_081.nii.gz,1,8.668057488228184,0.903707131769397,0.8322991371775045,0.9065207956553132,0.9039985043301139,0.807261497650496,0.9043660965737464,0.9005292152338006,0.768996591472891,0.9165836336253008,0.9092715327037065,0.7516960952660684,0.9278689907572392,0.9164389337882813,0.7415901722849573,0.9346198884028624,0.9178910770838674
lung_083.nii.gz,1,6.574740273377859,0.9385161073873086,0.8639627595690329,0.9421547445229841,0.9394334361589416,0.8422986097902535,0.9405526282775144,0.935409720404877,0.7976727348211664,0.9518351476790384,0.9401613092120694,0.7758148594905583,0.9592635466042768,0.940580423298561,0.7781534415797132,0.9783470598870302,0.9555169807097833
lung_084.nii.gz,1,15.795924814865707,0.6922754006942344,0.6377028199542919,0.6953474316740627,0.6935740499918697,0.6197526636340022,0.6914079983579088,0.688312617274928,0.5871519452820796,0.6988456570291377,0.6918965345359078,0.5757343187452397,0.7094168395101299,0.6976633347622228,0.576101842256412,0.7238857257941865,0.7095226512956353
lung_084.nii.gz,7,3.1960688868056204,0.8746844751387735,0.8015843144404006,0.8858564150992211,0.8748076809952537,0.7771527933832821,0.8836757198971977,0.8627014971179348,0.7530159379328736,0.93322081296018,0.8707569731986927,0.7329408878512081,0.956997677211746,0.8942549823878506,0.8451152918047337,1.0978251164312456,1.0348691973089739
lung_086.nii.gz,1,19.346383117014355,0.7353111401056889,0.6790053584588982,0.7394021203520489,0.7375577598765024,0.66175302301225,0.7368670895193618,0.733047356480495,0.6293057498726511,0.7481488185730457,0.7396813572090152,0.6177606815108965,0.7609766488724077,0.7487811637912406,0.6221036189890382,0.7815940954148269,0.7661796401021044
lung_092.nii.gz,1,9.22592832029168,0.915837781602248,0.8467495244572693,0.921647339374083,0.9195630457610994,0.8233737652268925,0.9142833888841402,0.9108776416758797,0.7719012975594904,0.918258904328905,0.9110116703911224,0.7645581114126667,0.9449809915697546,0.932698415705083,0.7421592111255549,0.9391707386546048,0.9190137905688976
lung_093.nii.gz,2,7.819692692585102,0.913613103234355,0.8428601156554243,0.9194700924720061,0.9168301401685873,0.8191590776198289,0.9134132190163715,0.9089788073899121,0.7686159484267554,0.9160476346233392,0.9060165421072187,0.7552749962773598,0.933038737910155,0.915663252965528,0.7493944678216083,0.9443978613907117,0.9207029691721326
lung_095.nii.gz,1,9.599040416746556,0.8066876523638227,0.7439836649419673,0.8125233956365382,0.8095517347404343,0.7226311471114776,0.805957857741945,0.8006049043251289,0.689431445124851,0.8252785982875673,0.8122922556322242,0.6780883303480203,0.8456129479274752,0.823553009729333,0.6859995006860108,0.8752904851261695,0.8471879814491245
lung_096.nii.gz,1,5.220630598964526,0.9443831370383636,0.8725033151042855,0.9523910849563868,0.9487648349689654,0.857689811302247,0.9640993066039636,0.9587143334043587,0.8088163646108687,0.9616277561734852,0.9510803626054266,0.7888662961277989,0.9677073331544083,0.9532118217933788,0.7665583359542332,0.9551644691616268,0.935384269928775
