kind,R,slice,true,prad,prad_iso,crofton
sphere,3,1.0,0.9999999999999997,0.918241997736746,0.918241997736746,1.021612112447348
sphere,3,1.0,0.9999999999999997,0.8910810828187468,0.8910810828187468,1.0048694082776741
sphere,3,1.0,0.9999999999999997,0.9169253113569339,0.9169253113569339,1.0204785145494342
sphere,3,1.0,0.9999999999999997,0.9324136594877893,0.9324136594877893,1.031698788753135
sphere,3,1.0,0.9999999999999997,0.9132886212370299,0.9132886212370299,1.0151784100236936
sphere,3,1.0,0.9999999999999997,0.9184854631717029,0.9184854631717029,1.0223917924248775
sphere,3,1.0,0.9999999999999997,0.9272754796367023,0.9272754796367023,1.0290345712607902
sphere,3,1.0,0.9999999999999997,0.9143914540426598,0.9143914540426598,1.0187370563881952
sphere,3,1.0,0.9999999999999997,0.90891658096573,0.90891658096573,1.0169154935559244
sphere,3,1.0,0.9999999999999997,0.9180781929274463,0.9180781929274463,1.0236284487867817
sphere,3,1.5,0.9999999999999997,0.9269610398296626,0.9038587553626072,1.0407979772359528
sphere,3,1.5,0.9999999999999997,0.923459676783736,0.8970187494129103,1.0411164251261287
sphere,3,1.5,0.9999999999999997,0.9210865593946932,0.8935392361200557,1.0365631582088988
sphere,3,1.5,0.9999999999999997,0.9282487826479312,0.8999877195899756,1.042128487656338
sphere,3,1.5,0.9999999999999997,0.8897902662448318,0.8672917308768999,1.016420337042818
sphere,3,1.5,0.9999999999999997,0.9122896356313933,0.8870919680055397,1.0303877028879298
sphere,3,1.5,0.9999999999999997,0.9027061984220939,0.8764649591568722,1.028808707434443
sphere,3,1.5,0.9999999999999997,0.8980779824754875,0.8755707272728112,1.0201265300856874
sphere,3,1.5,0.9999999999999997,0.8946061910402046,0.8649061033255016,1.027297826806986
sphere,3,1.5,0.9999999999999997,0.9070702162967748,0.882930543496998,1.032266578466491
sphere,3,2.0,0.9999999999999997,0.902834360368158,0.8671396490597927,1.0454276407384835
sphere,3,2.0,0.9999999999999997,0.89418852990189,0.8643629320801274,1.037440102021414
sphere,3,2.0,0.9999999999999997,0.8635217895801217,0.845929512684555,1.0162519623389248
sphere,3,2.0,0.9999999999999997,0.8603133595634698,0.8500852112610331,1.0257408631831777
sphere,3,2.0,0.9999999999999997,0.8623159618801652,0.8445320112434928,1.0223867757430332
sphere,3,2.0,0.9999999999999997,0.9140907084802767,0.87551622095096,1.0497043602202636
sphere,3,2.0,0.9999999999999997,0.8618436720636073,0.842310126266095,1.0198538050831651
sphere,3,2.0,0.9999999999999997,0.884081393526157,0.8562446042593289,1.0338705681565667
sphere,3,2.0,0.9999999999999997,0.9091076590944996,0.874708789872009,1.0458146610871566
sphere,3,2.0,0.9999999999999997,0.884081393526157,0.8562446042593288,1.0338756784459369
sphere,3,2.5,0.9999999999999997,0.8900103525792348,0.8669622872209323,1.068698549049752
sphere,3,2.5,0.9999999999999997,0.9109449361229941,0.8979280918973896,1.0867796754646704
sphere,3,2.5,0.9999999999999997,0.8870441347588807,0.8764834681228166,1.0689618461897374
sphere,3,2.5,0.9999999999999997,0.8954610106063496,0.8866020040411632,1.0735967041005614
sphere,3,2.5,0.9999999999999997,0.8904897021415601,0.8653319775050481,1.066094645388357
sphere,3,2.5,0.9999999999999997,0.8968226631055051,0.8649766247325011,1.06877793070155
sphere,3,2.5,0.9999999999999997,0.8987139137290594,0.8869814107359218,1.0777217034022577
sphere,3,2.5,0.9999999999999997,0.883532885733687,0.8432620847521937,1.0574346985207657
sphere,3,2.5,0.9999999999999997,0.8416849714049179,0.785596400477774,1.0102811477091147
sphere,3,2.5,0.9999999999999997,0.839747073307321,0.7810768125852761,1.00693189051565
sphere,3,3.0,0.9999999999999997,0.8534601772045167,0.8359922742059622,1.0437071694177797
sphere,3,3.0,0.9999999999999997,0.9012567171309452,0.8947188945705459,1.090833507845025
sphere,3,3.0,0.9999999999999997,0.8680325579865954,0.8496103628437304,1.0558766054528486
sphere,3,3.0,0.9999999999999997,0.8978294457471239,0.8766185961866098,1.0810963102795097
sphere,3,3.0,0.9999999999999997,0.8752560596166253,0.8619718962017859,1.064811711069507
sphere,3,3.0,0.9999999999999997,0.8719614687011508,0.8528679264062811,1.0591980961571081
sphere,3,3.0,0.9999999999999997,0.8562948523776165,0.8385028138952582,1.0508247676605145
sphere,3,3.0,0.9999999999999997,0.8693894559023283,0.8608457253729778,1.0601002702345534
sphere,3,3.0,0.9999999999999997,0.8703720163657264,0.8606842638603986,1.07344210545199
sphere,3,3.0,0.9999999999999997,0.8571109170541557,0.8624357982847055,1.0790675706177284
sphere,3,4.0,0.9999999999999997,0.8673126363019471,0.8767364188635103,1.117805097387663
sphere,3,4.0,0.9999999999999997,0.8050361016788683,0.7792798837905771,1.037228169832235
sphere,3,4.0,0.9999999999999997,0.8261224025702699,0.8126150443456174,1.0715954096149418
sphere,3,4.0,0.9999999999999997,0.8777220301865417,0.8853092067711832,1.1274597149617003
sphere,3,4.0,0.9999999999999997,0.8005683571470767,0.7708352957553037,1.0215136453410578
sphere,3,4.0,0.9999999999999997,0.8135668829190597,0.7819351654131391,1.0365383160802342
sphere,3,4.0,0.9999999999999997,0.8053840469633633,0.7750971114069468,1.0184238849212184
sphere,3,4.0,0.9999999999999997,0.8084153263720985,0.7819779584643065,1.0344220208834476
sphere,3,4.0,0.9999999999999997,0.8263320069840373,0.7918383609557034,1.0429422341035388
sphere,3,4.0,0.9999999999999997,0.8777220301865417,0.8853092067711832,1.1274597149617003
sphere,3,5.0,0.9999999999999997,0.8835991728237482,0.8968174993028635,1.149177828028715
sphere,3,5.0,0.9999999999999997,0.8956886219650806,0.9042862219473432,1.1577963950744758
sphere,3,5.0,0.9999999999999997,0.882043948205209,0.894390028769694,1.1484606343898232
sphere,3,5.0,0.9999999999999997,0.8956886219650806,0.9042862219473432,1.1577963950744758
sphere,3,5.0,0.9999999999999997,0.8918985727130947,0.903141399145852,1.1578663459729095
sphere,3,5.0,0.9999999999999997,0.8912653727200053,0.8985881641677921,1.1505683844635186
sphere,3,5.0,0.9999999999999997,0.8836112367891518,0.8977482058598264,1.1548824249863612
sphere,3,5.0,0.9999999999999997,0.9004813784587263,0.9095222990466993,1.1666954900867743
sphere,3,5.0,0.9999999999999997,0.8396298111583493,0.8562447895936067,1.0972650690477228
sphere,3,5.0,0.9999999999999997,0.8956886219650806,0.9042862219473432,1.1577963950744758
sphere,5,1.0,0.9999999999999997,0.9185634157105181,0.9185634157105181,1.0058448641450193
sphere,5,1.0,0.9999999999999997,0.9184331321822156,0.9184331321822156,1.0057040621553206
sphere,5,1.0,0.9999999999999997,0.9179807602412147,0.9179807602412147,1.0054601589698773
sphere,5,1.0,0.9999999999999997,0.9279238939248672,0.9279238939248672,1.01397851465869
sphere,5,1.0,0.9999999999999997,0.9124838487773244,0.9124838487773244,1.0041713327040096
sphere,5,1.0,0.9999999999999997,0.9162656615928528,0.9162656615928528,1.0062332285313893
sphere,5,1.0,0.9999999999999997,0.9177934164382097,0.9177934164382097,1.0049377318831596
sphere,5,1.0,0.9999999999999997,0.9176022750361522,0.9176022750361522,1.0064069143095344
sphere,5,1.0,0.9999999999999997,0.9119145687443014,0.9119145687443014,1.0055413682567722
sphere,5,1.0,0.9999999999999997,0.9155381660823374,0.9155381660823374,1.0051314539813307
sphere,5,1.5,0.9999999999999997,0.900108218229348,0.8849427793208007,1.0014623142129293
sphere,5,1.5,0.9999999999999997,0.91389706222924,0.8892468775573041,1.017671318031611
sphere,5,1.5,0.9999999999999997,0.9053319974627956,0.8920931028438579,1.007361929573326
sphere,5,1.5,0.9999999999999997,0.9006423688764843,0.8863617589586542,1.0023901303381737
sphere,5,1.5,0.9999999999999997,0.896183510871146,0.884266892364271,1.001463852475007
sphere,5,1.5,0.9999999999999997,0.9001111714549886,0.8866975189739104,1.004703677613913
sphere,5,1.5,0.9999999999999997,0.9069367927996086,0.8902439540669435,1.0119524208939663
sphere,5,1.5,0.9999999999999997,0.9057250678469424,0.8900266205568976,1.0088945980352726
sphere,5,1.5,0.9999999999999997,0.9001821662734092,0.8851130318991922,1.0008475175731375
sphere,5,1.5,0.9999999999999997,0.906219849997024,0.8879881431476566,1.0059296373280786
sphere,5,2.0,0.9999999999999997,0.8847247413202055,0.8556971018297784,1.0128003814518416
sphere,5,2.0,0.9999999999999997,0.886532884377304,0.8570543736005478,1.0106158857443612
sphere,5,2.0,0.9999999999999997,0.8884160365074215,0.8604340412102732,1.0152529181411887
sphere,5,2.0,0.9999999999999997,0.8874356019723546,0.8601950873282056,1.0110871232468581
sphere,5,2.0,0.9999999999999997,0.8896339660010695,0.8622480714975975,1.0127110335090341
sphere,5,2.0,0.9999999999999997,0.8848111080710658,0.856965356306721,1.0075448982218231
sphere,5,2.0,0.9999999999999997,0.8923711619424294,0.8617068722439077,1.0132976917376535
sphere,5,2.0,0.9999999999999997,0.8885723475269459,0.859802373136351,1.0122558192381121
sphere,5,2.0,0.9999999999999997,0.8788230499825913,0.8496701753508872,1.0083098923637295
sphere,5,2.0,0.9999999999999997,0.882548396194252,0.8541253501732969,1.011937428381443
sphere,5,2.5,0.9999999999999997,0.8664077636402527,0.8276493099610671,1.008214482936581
sphere,5,2.5,0.9999999999999997,0.8698365410316791,0.8265675901144842,1.016393241061274
sphere,5,2.5,0.9999999999999997,0.8737586915768457,0.830613466630088,1.016808036624439
sphere,5,2.5,0.9999999999999997,0.8798681973612038,0.8440472673836097,1.0225308516757439
sphere,5,2.5,0.9999999999999997,0.869848634954533,0.8305718252487032,1.0184693276584569
sphere,5,2.5,0.9999999999999997,0.8784335529089053,0.8326230192098811,1.016696858970545
sphere,5,2.5,0.9999999999999997,0.8636504176348035,0.8215667769589179,1.0072041683764792
sphere,5,2.5,0.9999999999999997,0.8697429965637478,0.8264681482275718,1.0107418773039871
sphere,5,2.5,0.9999999999999997,0.8719321090775509,0.8327313504701079,1.0184390659701001
sphere,5,2.5,0.9999999999999997,0.882466828577403,0.8430527117378571,1.0336625779090283
sphere,5,3.0,0.9999999999999997,0.8304977842179065,0.7992893412923806,0.9902509074392123
sphere,5,3.0,0.9999999999999997,0.8197124043891306,0.787552433267028,0.9818806576543813
sphere,5,3.0,0.9999999999999997,0.8815711449692333,0.8552001680817667,1.0447807191630214
sphere,5,3.0,0.9999999999999997,0.8123035966290668,0.7811272951432103,0.9677452244316808
sphere,5,3.0,0.9999999999999997,0.8893003854742816,0.8592896851003322,1.0498309968000732
sphere,5,3.0,0.9999999999999997,0.8618029205223384,0.8376877551649172,1.0264553407028307
sphere,5,3.0,0.9999999999999997,0.8700147381214136,0.8444409485268508,1.034011933568302
sphere,5,3.0,0.9999999999999997,0.8697169119921601,0.8424154899253521,1.032085256260738
sphere,5,3.0,0.9999999999999997,0.8706645294067346,0.8508629119065817,1.0393375517256265
sphere,5,3.0,0.9999999999999997,0.8196348896033964,0.787893398677001,0.9770828396794106
sphere,5,4.0,0.9999999999999997,0.8834132423672633,0.8777376639815125,1.0788468316701962
sphere,5,4.0,0.9999999999999997,0.8132517031955931,0.791942991412587,0.9926590882242757
sphere,5,4.0,0.9999999999999997,0.880459440287771,0.8703978255128428,1.074797567110609
sphere,5,4.0,0.9999999999999997,0.8685216858865424,0.8495814909129566,1.0573900734517665
sphere,5,4.0,0.9999999999999997,0.8663434753142838,0.847303593237721,1.0532604257761302
sphere,5,4.0,0.9999999999999997,0.8122135203751113,0.7916849613967725,0.991348408472596
sphere,5,4.0,0.9999999999999997,0.8820647997489585,0.8730505100340876,1.0784299263569677
sphere,5,4.0,0.9999999999999997,0.8913980210016154,0.8841926395045994,1.0885206485194439
sphere,5,4.0,0.9999999999999997,0.7949374936644824,0.7747117115872155,0.9738626902565002
sphere,5,4.0,0.9999999999999997,0.7965152263391218,0.7763529865586046,0.9763181525364911
sphere,5,5.0,0.9999999999999997,0.8388228945387025,0.8423070110204983,1.076707563585704
sphere,5,5.0,0.9999999999999997,0.8580233191398431,0.8385644749629692,1.0626666422276534
sphere,5,5.0,0.9999999999999997,0.7859150516733988,0.7681992208195217,0.9974128623021121
sphere,5,5.0,0.9999999999999997,0.777557453648333,0.7604161289830762,0.9881384700255699
sphere,5,5.0,0.9999999999999997,0.8745301643598288,0.8630032702371846,1.0815287785058274
sphere,5,5.0,0.9999999999999997,0.8736546530105206,0.8621737472336289,1.0784650761348915
sphere,5,5.0,0.9999999999999997,0.8731774418687824,0.8521235636923908,1.0766169626995592
sphere,5,5.0,0.9999999999999997,0.8243466992231013,0.8019039161476806,1.0315085144400045
sphere,5,5.0,0.9999999999999997,0.7848830534445083,0.7698327258418286,0.9998831820775879
sphere,5,5.0,0.9999999999999997,0.8063149804965632,0.7846775346473028,1.011949765461812
sphere,10,1.0,0.9999999999999997,0.9195078381466287,0.9195078381466287,1.0017535061647493
sphere,10,1.0,0.9999999999999997,0.9207002749493274,0.9207002749493274,1.0034293455179082
sphere,10,1.0,0.9999999999999997,0.9198835190455837,0.9198835190455837,1.0029013155899345
sphere,10,1.0,0.9999999999999997,0.9182308877932297,0.9182308877932297,1.0009357470533427
sphere,10,1.0,0.9999999999999997,0.9191101274485978,0.9191101274485978,1.0018533539739316
sphere,10,1.0,0.9999999999999997,0.9192219847118408,0.9192219847118408,1.0011202046460004
sphere,10,1.0,0.9999999999999997,0.9161254702470906,0.9161254702470906,1.0002378495619073
sphere,10,1.0,0.9999999999999997,0.9196856267575644,0.9196856267575644,1.0016557131057382
sphere,10,1.0,0.9999999999999997,0.919312002231632,0.919312002231632,1.0032508960089843
sphere,10,1.0,0.9999999999999997,0.9169333970573081,0.9169333970573081,1.0010932623296465
sphere,10,1.5,0.9999999999999997,0.9082676168988916,0.8828621351367293,1.004717023586923
sphere,10,1.5,0.9999999999999997,0.908147247603388,0.880869102627153,1.002760095030702
sphere,10,1.5,0.9999999999999997,0.9044112349193953,0.8749462626624009,1.0003335933576447
sphere,10,1.5,0.9999999999999997,0.9089728606949135,0.8823203182694698,1.0044393304213188
sphere,10,1.5,0.9999999999999997,0.9063051275678856,0.8760918886687995,1.001785112092997
sphere,10,1.5,0.9999999999999997,0.9022887857367644,0.8730348501114383,0.9969363846550321
sphere,10,1.5,0.9999999999999997,0.9107672764519855,0.8843351398052439,1.0039641246578426
sphere,10,1.5,0.9999999999999997,0.9057600365771294,0.8783562420744899,1.0022170642016217
sphere,10,1.5,0.9999999999999997,0.9012758810232111,0.8696659011477158,0.9967999935220646
sphere,10,1.5,0.9999999999999997,0.9044522948644663,0.8749823091020729,0.9980412980610219
sphere,10,2.0,0.9999999999999997,0.8906739738315443,0.8592209194518805,1.0038782741700225
sphere,10,2.0,0.9999999999999997,0.8897806878002843,0.8583590281388891,1.0024260309225161
sphere,10,2.0,0.9999999999999997,0.8890613454188925,0.8577873364554133,1.004752902122998
sphere,10,2.0,0.9999999999999997,0.8910383729452345,0.8599153142514989,1.0048996023192343
sphere,10,2.0,0.9999999999999997,0.8940040607764057,0.8624927358325188,1.0058497781697782
sphere,10,2.0,0.9999999999999997,0.8909949580536897,0.85861735771988,1.003036474100535
sphere,10,2.0,0.9999999999999997,0.8855287440329559,0.8545178757994971,0.9998053353607089
sphere,10,2.0,0.9999999999999997,0.890676253124432,0.8600252064959644,1.0043539831932957
sphere,10,2.0,0.9999999999999997,0.8876844407363889,0.856437461908781,1.0013842780858582
sphere,10,2.0,0.9999999999999997,0.8882747495797092,0.8569873954323424,1.0011344895980965
sphere,10,2.5,0.9999999999999997,0.8729007419473859,0.8415196798205873,1.0041523978945708
sphere,10,2.5,0.9999999999999997,0.871834285705085,0.8407096116687135,1.0021658222235055
sphere,10,2.5,0.9999999999999997,0.8723077385404444,0.8414793762911982,1.0036388505557456
sphere,10,2.5,0.9999999999999997,0.8721582780601908,0.8417548349781458,1.0051251567444148
sphere,10,2.5,0.9999999999999997,0.8724612888691119,0.8438347184522219,1.0043112956165752
sphere,10,2.5,0.9999999999999997,0.8716805641923743,0.8407396950555397,1.0027163328265152
sphere,10,2.5,0.9999999999999997,0.8780904312348237,0.8505072858353392,1.0092897076919627
sphere,10,2.5,0.9999999999999997,0.8732141827883637,0.8418428331591782,1.0042190232604298
sphere,10,2.5,0.9999999999999997,0.8693001348299545,0.8409316984349876,0.9996172308100583
sphere,10,2.5,0.9999999999999997,0.8886041004500949,0.8616347751376368,1.0184218826356308
sphere,10,3.0,0.9999999999999997,0.8720017464984101,0.8345451115456303,1.017496881601355
sphere,10,3.0,0.9999999999999997,0.8494298220319176,0.8070210014849981,0.9967433666817053
sphere,10,3.0,0.9999999999999997,0.8701687476435715,0.8331614325653366,1.0161735305779325
sphere,10,3.0,0.9999999999999997,0.8702778347849108,0.8341252650819058,1.0148103128682628
sphere,10,3.0,0.9999999999999997,0.8506173069255384,0.8064692652161127,0.9959671231754457
sphere,10,3.0,0.9999999999999997,0.8557298540371249,0.8142292016954494,1.0016985564533274
sphere,10,3.0,0.9999999999999997,0.8732198454638066,0.8371155852374021,1.017606324874277
sphere,10,3.0,0.9999999999999997,0.8456405462935204,0.8026333182163439,0.9918295591620481
sphere,10,3.0,0.9999999999999997,0.84841688857423,0.804869144790122,0.9947158321512171
sphere,10,3.0,0.9999999999999997,0.8726611097351508,0.8361454103931907,1.0174603764199164
sphere,10,4.0,0.9999999999999997,0.8355664572695684,0.8039350958196576,1.006050510082567
sphere,10,4.0,0.9999999999999997,0.8388682795158335,0.8024401205942484,1.0068433715279095
sphere,10,4.0,0.9999999999999997,0.8370748784771597,0.8009224743706918,1.0044365251014156
sphere,10,4.0,0.9999999999999997,0.8403185239063445,0.8002689539368181,1.0047851675671873
sphere,10,4.0,0.9999999999999997,0.8393728253982381,0.8009782741093032,1.0043703102129244
sphere,10,4.0,0.9999999999999997,0.8394151946915522,0.804675025950068,1.0092769828499912
sphere,10,4.0,0.9999999999999997,0.835190243258181,0.7995747187372891,1.004435348970968
sphere,10,4.0,0.9999999999999997,0.8377524959072754,0.8093546719994223,1.009692071018737
sphere,10,4.0,0.9999999999999997,0.8339831557988208,0.7970530786733381,1.0012433764964443
sphere,10,4.0,0.9999999999999997,0.8389332782880945,0.8064363769084321,1.0102769279054475
sphere,10,5.0,0.9999999999999997,0.8258568660434497,0.8081560164964318,1.0095078886500697
sphere,10,5.0,0.9999999999999997,0.823028208683883,0.8015888050810555,1.0060332165940309
sphere,10,5.0,0.9999999999999997,0.8234949190838933,0.8058402314176814,1.0080019129164013
sphere,10,5.0,0.9999999999999997,0.8193605990273689,0.80001267948651,1.0023004261275559
sphere,10,5.0,0.9999999999999997,0.8223795053547881,0.8035350267168196,1.0061151533636439
sphere,10,5.0,0.9999999999999997,0.8220665695909513,0.8019514112235233,1.0044024340150008
sphere,10,5.0,0.9999999999999997,0.8343845444888889,0.8129854238448188,1.0240399414655657
sphere,10,5.0,0.9999999999999997,0.8286947446236408,0.8071366146766027,1.0158160184227023
sphere,10,5.0,0.9999999999999997,0.8218225013227406,0.8028532185883436,1.005297758257097
sphere,10,5.0,0.9999999999999997,0.8283049631540605,0.8056090482083158,1.00980641443861
sphere,20,1.0,0.9999999999999994,0.9188171481181282,0.9188171481181282,1.0001408202989768
sphere,20,1.0,0.9999999999999994,0.9182523986234733,0.9182523986234733,1.000044885929189
sphere,20,1.0,0.9999999999999994,0.9186463391361142,0.9186463391361142,0.9998962882573539
sphere,20,1.0,0.9999999999999994,0.9194594067599003,0.9194594067599003,1.0006199797297173
sphere,20,1.0,0.9999999999999994,0.9197552110679249,0.9197552110679249,1.0005555819437943
sphere,20,1.0,0.9999999999999994,0.9188637470731678,0.9188637470731678,1.000534265670699
sphere,20,1.0,0.9999999999999994,0.9192929247042273,0.9192929247042273,1.0010907391828676
sphere,20,1.0,0.9999999999999994,0.9187133725644359,0.9187133725644359,1.000174002317561
sphere,20,1.0,0.9999999999999994,0.9193213272819334,0.9193213272819334,1.0006473558305315
sphere,20,1.0,0.9999999999999994,0.9191230867726752,0.9191230867726752,1.0001847979283107
sphere,20,1.5,0.9999999999999994,0.9098451923315182,0.8845901234308579,1.0029213723158856
sphere,20,1.5,0.9999999999999994,0.909045637495758,0.8836915147566278,1.0014693785851785
sphere,20,1.5,0.9999999999999994,0.9063462826005293,0.8812941221358712,0.9985258963430161
sphere,20,1.5,0.9999999999999994,0.9092351658446701,0.8838520851709926,1.001330351469662
sphere,20,1.5,0.9999999999999994,0.9094374012466305,0.8839970147357487,1.0019887895225932
sphere,20,1.5,0.9999999999999994,0.910514561192664,0.8853115163731214,1.002553708487295
sphere,20,1.5,0.9999999999999994,0.9072331129990739,0.8826979932727199,0.9999168505184777
sphere,20,1.5,0.9999999999999994,0.9068033499754862,0.8827377321609139,0.9992333191835698
sphere,20,1.5,0.9999999999999994,0.9076617868162457,0.8829854211612838,1.0003615720225238
sphere,20,1.5,0.9999999999999994,0.9090334871852628,0.8841788568530862,1.002037350041212
sphere,20,2.0,0.9999999999999994,0.8894878343315056,0.857473265755348,0.9998020660211453
sphere,20,2.0,0.9999999999999994,0.8896279565686167,0.8579687968495173,0.99999749264555
sphere,20,2.0,0.9999999999999994,0.8879065180049587,0.8561895231779191,0.9990085370150746
sphere,20,2.0,0.9999999999999994,0.8884587538256703,0.8572052159326252,1.0002747237684293
sphere,20,2.0,0.9999999999999994,0.8896651160794757,0.8580561098802003,1.000470475921212
sphere,20,2.0,0.9999999999999994,0.8895729391753946,0.8576982944072773,0.9999874605185602
sphere,20,2.0,0.9999999999999994,0.8891449771573331,0.8571064378995853,0.9999509673712408
sphere,20,2.0,0.9999999999999994,0.889902051405577,0.8582166820720595,0.9999768000081267
sphere,20,2.0,0.9999999999999994,0.8891666051998857,0.8573590735961691,1.0002968782022226
sphere,20,2.0,0.9999999999999994,0.8895479247169186,0.8575417975723142,1.0001958090365917
sphere,20,2.5,0.9999999999999994,0.8717614004083764,0.8397558099153432,0.999505214766536
sphere,20,2.5,0.9999999999999994,0.8750043409453213,0.845167930366916,1.003380165481588
sphere,20,2.5,0.9999999999999994,0.8717519950153668,0.8399556358442238,0.9999328188218646
sphere,20,2.5,0.9999999999999994,0.878228297227021,0.8478772821054068,1.0062048779056707
sphere,20,2.5,0.9999999999999994,0.8717984919432065,0.8406602821086404,0.9995099503002053
sphere,20,2.5,0.9999999999999994,0.87336080282181,0.8409759884698578,1.0006209393874308
sphere,20,2.5,0.9999999999999994,0.8721671916886815,0.8402075554049372,1.000160503927435
sphere,20,2.5,0.9999999999999994,0.8724344275714603,0.8403657206060228,1.0008532032400292
sphere,20,2.5,0.9999999999999994,0.8726175190101345,0.8408646722853418,1.0011239748792358
sphere,20,2.5,0.9999999999999994,0.8725198314410038,0.8402062224271725,0.9999891901747271
sphere,20,3.0,0.9999999999999994,0.856859268016645,0.8202704710425004,0.9982278014465221
sphere,20,3.0,0.9999999999999994,0.8600585991622839,0.8233484815344827,1.0020369771055946
sphere,20,3.0,0.9999999999999994,0.8556658653105484,0.8199731673557688,0.9971588587352742
sphere,20,3.0,0.9999999999999994,0.8579389563203177,0.8211222489860674,0.9994483082931256
sphere,20,3.0,0.9999999999999994,0.859981444966631,0.8232325650535223,1.0026298040409607
sphere,20,3.0,0.9999999999999994,0.8606497648559317,0.8244516834415068,1.0033721344517708
sphere,20,3.0,0.9999999999999994,0.8607036485842553,0.8243060154029209,1.003480026576832
sphere,20,3.0,0.9999999999999994,0.8566023184226659,0.8200885799324449,0.9977466687302651
sphere,20,3.0,0.9999999999999994,0.8609415960205441,0.8244711929062774,1.0032745330634623
sphere,20,3.0,0.9999999999999994,0.8603025378210288,0.8236301504039301,1.002871372964301
sphere,20,4.0,0.9999999999999994,0.8429480392651761,0.8143307752844116,1.0088648354467913
sphere,20,4.0,0.9999999999999994,0.8382150649714094,0.8096214044602109,1.000430771707985
sphere,20,4.0,0.9999999999999994,0.8388164829502125,0.8103813492330793,1.0015455791107808
sphere,20,4.0,0.9999999999999994,0.8367356278922473,0.8080495194181195,1.0002914011263604
sphere,20,4.0,0.9999999999999994,0.8388315481312015,0.8103745432677929,1.002492586092835
sphere,20,4.0,0.9999999999999994,0.8400380566468969,0.8117475542313486,1.0053086723924123
sphere,20,4.0,0.9999999999999994,0.8405010778903867,0.8123142535820048,1.0057085005330286
sphere,20,4.0,0.9999999999999994,0.848008627855612,0.8194110945686304,1.0151569995282663
sphere,20,4.0,0.9999999999999994,0.8434281405517836,0.814802362378115,1.0094667788893956
sphere,20,4.0,0.9999999999999994,0.8407572930190942,0.8125723904489498,1.005976612026446
sphere,20,5.0,0.9999999999999994,0.8304295546663014,0.8076689122871501,1.0101295231549885
sphere,20,5.0,0.9999999999999994,0.8331325680845583,0.8104893323805942,1.0141521182670652
sphere,20,5.0,0.9999999999999994,0.8242295953943339,0.8019785830779649,1.0018667073507856
sphere,20,5.0,0.9999999999999994,0.8236102883471362,0.8012360205679073,1.0009652739783692
sphere,20,5.0,0.9999999999999994,0.8244127711053729,0.801463446720649,1.001812964930427
sphere,20,5.0,0.9999999999999994,0.8234446911882473,0.8007231969757473,1.000870462433081
sphere,20,5.0,0.9999999999999994,0.8229813127253395,0.8006314661052154,1.0008961687975308
sphere,20,5.0,0.9999999999999994,0.8232361992403046,0.8009841506817594,1.0004821482936066
sphere,20,5.0,0.9999999999999994,0.8233226001204336,0.8009062181894767,1.0006978863503835
sphere,20,5.0,0.9999999999999994,0.8249898242893128,0.8029374683852123,1.0028446677641227
ellipsoid,3,1.0,0.937340941005309,0.8415075325691769,0.8415075325691769,0.948466756837341
ellipsoid,3,1.0,0.937340941005309,0.8580013147465404,0.8580013147465404,0.9611466667564265
ellipsoid,3,1.0,0.937340941005309,0.842037756523441,0.842037756523441,0.9434901888302925
ellipsoid,3,1.0,0.937340941005309,0.844039752089588,0.844039752089588,0.945000662821499
ellipsoid,3,1.0,0.937340941005309,0.8611012366535857,0.8611012366535857,0.965835205495271
ellipsoid,3,1.0,0.937340941005309,0.8657742382585021,0.8657742382585021,0.9677586751519016
ellipsoid,3,1.0,0.937340941005309,0.8780527436253273,0.8780527436253273,0.9758784527125355
ellipsoid,3,1.0,0.937340941005309,0.8547723478213229,0.8547723478213229,0.9566667262093729
ellipsoid,3,1.0,0.937340941005309,0.8458061555746644,0.8458061555746644,0.9559130621194891
ellipsoid,3,1.0,0.937340941005309,0.8608685044628842,0.8608685044628842,0.9619452149339415
ellipsoid,3,1.5,0.937340941005309,0.843239671768966,0.8238928322918192,0.9674382239056919
ellipsoid,3,1.5,0.937340941005309,0.8501032978988902,0.8551780023671399,0.9669429254404145
ellipsoid,3,1.5,0.937340941005309,0.8673895170325366,0.8464422742247839,0.9861477486372602
ellipsoid,3,1.5,0.937340941005309,0.8487840797079703,0.8556570149532822,0.9685539391780742
ellipsoid,3,1.5,0.937340941005309,0.842370115583892,0.7967223338934271,0.9668449370329004
ellipsoid,3,1.5,0.937340941005309,0.8447049496342977,0.8388009691064034,0.9662862332756222
ellipsoid,3,1.5,0.937340941005309,0.8454252234038077,0.8187985046537534,0.9667892931606008
ellipsoid,3,1.5,0.937340941005309,0.8539811870947538,0.8511010206125224,0.9776508473137043
ellipsoid,3,1.5,0.937340941005309,0.852234612971241,0.8208640043796291,0.9761105876213243
ellipsoid,3,1.5,0.937340941005309,0.8394130321907961,0.8121590144212522,0.9642917221004912
ellipsoid,3,2.0,0.937340941005309,0.8243280057868005,0.8030357478322137,0.9690272873333576
ellipsoid,3,2.0,0.937340941005309,0.8497742181654359,0.8189718949569763,0.9905710856667664
ellipsoid,3,2.0,0.937340941005309,0.7625452776586081,0.7529804986247612,0.9103861962502525
ellipsoid,3,2.0,0.937340941005309,0.8310899469777995,0.808279995883474,0.97580272133781
ellipsoid,3,2.0,0.937340941005309,0.8263595956285998,0.7987587852835578,0.9732636631762719
ellipsoid,3,2.0,0.937340941005309,0.8018229975065874,0.7801037402930715,0.947954612176134
ellipsoid,3,2.0,0.937340941005309,0.8167774471241556,0.7897549183065772,0.9593474439116891
ellipsoid,3,2.0,0.937340941005309,0.8150207401899725,0.7894791897013836,0.956722719586322
ellipsoid,3,2.0,0.937340941005309,0.8573583414334425,0.838626865462515,1.014170876296789
ellipsoid,3,2.0,0.937340941005309,0.8056524571858752,0.7891171483272852,0.9581688305374985
ellipsoid,3,2.5,0.937340941005309,0.7977242078943748,0.7597982480812175,0.966074139149786
ellipsoid,3,2.5,0.937340941005309,0.8388050639940159,0.8177607898134658,1.0104953529647391
ellipsoid,3,2.5,0.937340941005309,0.804495168741138,0.7473771376801229,0.9680052441419025
ellipsoid,3,2.5,0.937340941005309,0.7982871702131737,0.7588818704894038,0.9839797491919864
ellipsoid,3,2.5,0.937340941005309,0.808684021570965,0.7738207076569786,0.9801771771024166
ellipsoid,3,2.5,0.937340941005309,0.8565068033600256,0.8235390463852824,1.0216916352166476
ellipsoid,3,2.5,0.937340941005309,0.767418393809819,0.7303297274643059,0.9402549098858496
ellipsoid,3,2.5,0.937340941005309,0.8508814310481325,0.8322894874944309,1.020485887029825
ellipsoid,3,2.5,0.937340941005309,0.813336516790741,0.7822922697748812,0.9888303499007323
ellipsoid,3,2.5,0.937340941005309,0.8230682071005275,0.8026508914086471,0.999015268282192
ellipsoid,3,3.0,0.937340941005309,0.8080743014396644,0.8005329957696308,1.0089116659523283
ellipsoid,3,3.0,0.937340941005309,0.8259550567190657,0.8110566670076857,1.0110870070727438
ellipsoid,3,3.0,0.937340941005309,0.7586857824539768,0.7483763866686471,0.9448990057183354
ellipsoid,3,3.0,0.937340941005309,0.7776598793293514,0.7740850446904189,0.9772779649577633
ellipsoid,3,3.0,0.937340941005309,0.8077240497744959,0.798676244142552,1.0006144972026434
ellipsoid,3,3.0,0.937340941005309,0.8030818560204701,0.7887961895981566,0.9906707607651704
ellipsoid,3,3.0,0.937340941005309,0.8163448611656926,0.8049199884679642,1.0064711187788964
ellipsoid,3,3.0,0.937340941005309,0.8299684678635816,0.8220212412385864,1.013529031724095
ellipsoid,3,3.0,0.937340941005309,0.7930195360231822,0.7812920186580553,0.9815071913389948
ellipsoid,3,3.0,0.937340941005309,0.773894459133306,0.7591535223937801,0.9548170776683607
ellipsoid,3,4.0,0.937340941005309,0.8631998732511023,0.8756180463553759,1.116553711329228
ellipsoid,3,4.0,0.937340941005309,0.8044467681133002,0.8001143413384914,1.0058620168312673
ellipsoid,3,4.0,0.937340941005309,0.7326423551620675,0.7373435746993015,0.9552606544180902
ellipsoid,3,4.0,0.937340941005309,0.8547385455964528,0.8615808742652361,1.0930538087203865
ellipsoid,3,4.0,0.937340941005309,0.8077150613888523,0.825721271622293,1.0561504926311585
ellipsoid,3,4.0,0.937340941005309,0.8502013806207946,0.865175094661017,1.1080167900062976
ellipsoid,3,4.0,0.937340941005309,0.8788538919574024,0.8860834647275377,1.1268635811798662
ellipsoid,3,4.0,0.937340941005309,0.8706357388241319,0.8790727956453425,1.1175789069408602
ellipsoid,3,4.0,0.937340941005309,0.7525978904630088,0.757146429622581,0.9768690008001946
ellipsoid,3,4.0,0.937340941005309,0.7508037425651508,0.7477465193490035,0.9577723968801741
ellipsoid,3,5.0,0.937340941005309,0.8789647394963152,0.8868993785390157,1.1339828867936395
ellipsoid,3,5.0,0.937340941005309,0.8452838791511131,0.8584834017778012,1.1004261647923492
ellipsoid,3,5.0,0.937340941005309,0.8595546479208568,0.8739775820974681,1.1219697265231048
ellipsoid,3,5.0,0.937340941005309,0.8595546479208567,0.8739775820974679,1.1219663999105791
ellipsoid,3,5.0,0.937340941005309,0.8566677138620483,0.8679973747814339,1.1120707213294587
ellipsoid,3,5.0,0.937340941005309,0.852670089608959,0.8688722764495154,1.114836211353453
ellipsoid,3,5.0,0.937340941005309,0.8685031421708816,0.8823029397884332,1.135209599292323
ellipsoid,3,5.0,0.937340941005309,0.8581349136572186,0.8772897181380098,1.1305749956670772
ellipsoid,3,5.0,0.937340941005309,0.8784769299761133,0.8904619614092163,1.1392492841785467
ellipsoid,3,5.0,0.937340941005309,0.8741334665060441,0.8867702875785132,1.135606704372194
ellipsoid,5,1.0,0.9373409410053088,0.8627405775464957,0.8627405775464957,0.9489314975634041
ellipsoid,5,1.0,0.9373409410053088,0.8595104379601968,0.8595104379601968,0.9428914227715457
ellipsoid,5,1.0,0.9373409410053088,0.8532498846098192,0.8532498846098192,0.9395387557637137
ellipsoid,5,1.0,0.9373409410053088,0.8610668477925933,0.8610668477925933,0.9470767950712947
ellipsoid,5,1.0,0.9373409410053088,0.8565422676441988,0.8565422676441988,0.9407378634887403
ellipsoid,5,1.0,0.9373409410053088,0.8671302621782676,0.8671302621782676,0.9531571228921271
ellipsoid,5,1.0,0.9373409410053088,0.8542375722484172,0.8542375722484172,0.941223736098007
ellipsoid,5,1.0,0.9373409410053088,0.8625075392092179,0.8625075392092179,0.9484031966225343
ellipsoid,5,1.0,0.9373409410053088,0.8645386946507551,0.8645386946507551,0.9478054567224099
ellipsoid,5,1.0,0.9373409410053088,0.8639746577504515,0.8639746577504515,0.9499150024215477
ellipsoid,5,1.5,0.9373409410053088,0.8545693393634016,0.8272321993719446,0.9556662221837844
ellipsoid,5,1.5,0.9373409410053088,0.8413057593125863,0.8088253494928931,0.9380432133606922
ellipsoid,5,1.5,0.9373409410053088,0.8414363227588461,0.8112709631539042,0.9404245324875448
ellipsoid,5,1.5,0.9373409410053088,0.8198413298844541,0.794769606218471,0.9182843735312941
ellipsoid,5,1.5,0.9373409410053088,0.8601337016001381,0.8438972251114324,0.9590716554142901
ellipsoid,5,1.5,0.9373409410053088,0.845105241399228,0.8355281413947425,0.9463025163406161
ellipsoid,5,1.5,0.9373409410053088,0.839319733925736,0.8181791354496362,0.9348326404659283
ellipsoid,5,1.5,0.9373409410053088,0.8486566465939435,0.822907979822321,0.9477560536461817
ellipsoid,5,1.5,0.9373409410053088,0.8588862788290617,0.8278763489665896,0.9562779046666098
ellipsoid,5,1.5,0.9373409410053088,0.8398439064053939,0.8223323672926892,0.936319325540212
ellipsoid,5,2.0,0.9373409410053088,0.7962201893136122,0.7718841766251882,0.9144744670350918
ellipsoid,5,2.0,0.9373409410053088,0.8233683732403309,0.7978831894261101,0.9418143132960263
ellipsoid,5,2.0,0.9373409410053088,0.8353039622366306,0.8096534450750165,0.959489771371723
ellipsoid,5,2.0,0.9373409410053088,0.8289615912660145,0.8055951084314051,0.9469895198697802
ellipsoid,5,2.0,0.9373409410053088,0.8335577672618539,0.8080301048785601,0.9552555407628394
ellipsoid,5,2.0,0.9373409410053088,0.8299184826589755,0.8044471906107753,0.9481672078933079
ellipsoid,5,2.0,0.9373409410053088,0.8189369471895699,0.7901583280111841,0.938189141123292
ellipsoid,5,2.0,0.9373409410053088,0.8298529877535336,0.8109361664867526,0.9470025955697757
ellipsoid,5,2.0,0.9373409410053088,0.8303002245914006,0.8047947393926111,0.948619978548506
ellipsoid,5,2.0,0.9373409410053088,0.8177983552603425,0.7936635682579296,0.9364649532271782
ellipsoid,5,2.5,0.9373409410053088,0.8091316127416948,0.7874942993312702,0.9435165234202452
ellipsoid,5,2.5,0.9373409410053088,0.7967865189338994,0.7772866348361522,0.9320263344030916
ellipsoid,5,2.5,0.9373409410053088,0.8069732854118811,0.7846083746433193,0.9443220463184671
ellipsoid,5,2.5,0.9373409410053088,0.8397550873352401,0.8137144210377127,0.9807915739172428
ellipsoid,5,2.5,0.9373409410053088,0.8293597733564251,0.8085230840917639,0.966782691941709
ellipsoid,5,2.5,0.9373409410053088,0.8043105410806541,0.7761547251909507,0.9438885325639982
ellipsoid,5,2.5,0.9373409410053088,0.8516921448180634,0.8239056696784743,0.9911996318516687
ellipsoid,5,2.5,0.9373409410053088,0.8236481241430976,0.8027638828016537,0.9644396660975844
ellipsoid,5,2.5,0.9373409410053088,0.8166991428712608,0.7954458581240056,0.9524184469790159
ellipsoid,5,2.5,0.9373409410053088,0.7952457093876513,0.7814401773821481,0.9296972022097529
ellipsoid,5,3.0,0.9373409410053088,0.8106768016996398,0.7909546974138739,0.968560163344798
ellipsoid,5,3.0,0.9373409410053088,0.7931152541255043,0.7701413129693746,0.9436905970243565
ellipsoid,5,3.0,0.9373409410053088,0.808351057399503,0.7835934285265179,0.9599585985730527
ellipsoid,5,3.0,0.9373409410053088,0.796308852840222,0.777704384628286,0.9537955203191357
ellipsoid,5,3.0,0.9373409410053088,0.8352734517079358,0.8100156691986643,0.9901602927827835
ellipsoid,5,3.0,0.9373409410053088,0.8010029292962922,0.7812057063695292,0.9553553975976983
ellipsoid,5,3.0,0.9373409410053088,0.8194759633397981,0.7986108105755833,0.97652477637593
ellipsoid,5,3.0,0.9373409410053088,0.8092095393957153,0.7876478915228211,0.9608040116361327
ellipsoid,5,3.0,0.9373409410053088,0.8199938535307703,0.7984110173003203,0.9764545992629114
ellipsoid,5,3.0,0.9373409410053088,0.8363780969084215,0.8110074387148226,0.9862992349855981
ellipsoid,5,4.0,0.9373409410053088,0.7528718000035617,0.7389570953311829,0.9249631202342301
ellipsoid,5,4.0,0.9373409410053088,0.7902187435800699,0.7595059388418738,0.9566569355703508
ellipsoid,5,4.0,0.9373409410053088,0.7653452234902707,0.7587774365493605,0.95452849393114
ellipsoid,5,4.0,0.9373409410053088,0.803536231275878,0.7812116778326436,0.9759528624789687
ellipsoid,5,4.0,0.9373409410053088,0.7703374302825255,0.7542448974255216,0.9429775938639129
ellipsoid,5,4.0,0.9373409410053088,0.8052353338924132,0.7852929516251703,0.9769789499252017
ellipsoid,5,4.0,0.9373409410053088,0.813329669965142,0.7992573399983738,0.9998879936947512
ellipsoid,5,4.0,0.9373409410053088,0.7860719402244548,0.7698085048245825,0.9656548002582611
ellipsoid,5,4.0,0.9373409410053088,0.742077590668139,0.741228647179547,0.9363355177290215
ellipsoid,5,4.0,0.9373409410053088,0.7999785225380428,0.7866563786151657,0.9866437427441834
ellipsoid,5,5.0,0.9373409410053088,0.7428971276838197,0.7127617697506224,0.9233676272969774
ellipsoid,5,5.0,0.9373409410053088,0.7957382315460828,0.7841001858379792,0.994983477550865
ellipsoid,5,5.0,0.9373409410053088,0.8258773862966609,0.8296548238339343,1.0605753114844871
ellipsoid,5,5.0,0.9373409410053088,0.7870174103003525,0.7722616777754704,0.9860614466726781
ellipsoid,5,5.0,0.9373409410053088,0.7963151487566665,0.7796224065684814,0.9962790649792792
ellipsoid,5,5.0,0.9373409410053088,0.8030793075508289,0.7868920987914326,0.9996332336079236
ellipsoid,5,5.0,0.9373409410053088,0.7833185342284937,0.7679227740882906,0.9839465422101316
ellipsoid,5,5.0,0.9373409410053088,0.7670320362498978,0.7328410576310864,0.9469340401145823
ellipsoid,5,5.0,0.9373409410053088,0.8212818724721387,0.8045626220234575,1.0148325489169279
ellipsoid,5,5.0,0.9373409410053088,0.7782353587028755,0.7659631265518949,0.9775463101760878
ellipsoid,10,1.0,0.9373409410053088,0.8621722363712699,0.8621722363712699,0.9412881266191999
ellipsoid,10,1.0,0.9373409410053088,0.8609183758857589,0.8609183758857589,0.9391459862796364
ellipsoid,10,1.0,0.9373409410053088,0.859626068801039,0.859626068801039,0.9376163075876366
ellipsoid,10,1.0,0.9373409410053088,0.8601211170361913,0.8601211170361913,0.9382828036391595
ellipsoid,10,1.0,0.9373409410053088,0.8603254267848668,0.8603254267848668,0.9386442023496429
ellipsoid,10,1.0,0.9373409410053088,0.865424915816233,0.865424915816233,0.9430308357474878
ellipsoid,10,1.0,0.9373409410053088,0.8583536918611449,0.8583536918611449,0.9363259390325469
ellipsoid,10,1.0,0.9373409410053088,0.861282925372252,0.861282925372252,0.939696432128598
ellipsoid,10,1.0,0.9373409410053088,0.8648078874240012,0.8648078874240012,0.9405057434141164
ellipsoid,10,1.0,0.9373409410053088,0.8616733822673525,0.8616733822673525,0.939072098381862
ellipsoid,10,1.5,0.9373409410053088,0.8404896744354992,0.821592364485793,0.9287015070294294
ellipsoid,10,1.5,0.9373409410053088,0.8396876429101939,0.8168804969851782,0.9257220094498735
ellipsoid,10,1.5,0.9373409410053088,0.8458029518982817,0.8197347127937251,0.9341058788105492
ellipsoid,10,1.5,0.9373409410053088,0.8472222236284088,0.8196309293124391,0.9373573020413183
ellipsoid,10,1.5,0.9373409410053088,0.8570437511727812,0.83728358298065,0.9487391409119447
ellipsoid,10,1.5,0.9373409410053088,0.8495806796242295,0.8253056397550285,0.9377555770953906
ellipsoid,10,1.5,0.9373409410053088,0.8414130948390321,0.8179236424269902,0.9284778539347398
ellipsoid,10,1.5,0.9373409410053088,0.8620123459351074,0.8395845512122003,0.9535495920984374
ellipsoid,10,1.5,0.9373409410053088,0.8554925581966356,0.8272876874869272,0.9456972577172754
ellipsoid,10,1.5,0.9373409410053088,0.8489486549268569,0.8236039255527272,0.937413002517783
ellipsoid,10,2.0,0.9373409410053088,0.8367386968549156,0.8066207800613714,0.9435290717242883
ellipsoid,10,2.0,0.9373409410053088,0.8149856455402867,0.7883589185307452,0.9193561022140729
ellipsoid,10,2.0,0.9373409410053088,0.8128275400818882,0.7860688885394562,0.9166090799550194
ellipsoid,10,2.0,0.9373409410053088,0.8488397183574894,0.8190944188626431,0.957537046941369
ellipsoid,10,2.0,0.9373409410053088,0.8429891087346821,0.8115007020040288,0.9512668645599933
ellipsoid,10,2.0,0.9373409410053088,0.8149227527427833,0.7902282282692629,0.9196374937729129
ellipsoid,10,2.0,0.9373409410053088,0.8159093618772827,0.7866309482839575,0.9194036069042143
ellipsoid,10,2.0,0.9373409410053088,0.8344207220540416,0.8046547486125749,0.9424059180094878
ellipsoid,10,2.0,0.9373409410053088,0.8463385657507039,0.8165694550336567,0.9539829276238072
ellipsoid,10,2.0,0.9373409410053088,0.8234020412852991,0.7970296462008285,0.928330764891058
ellipsoid,10,2.5,0.9373409410053088,0.8174712347464285,0.7844537920396306,0.9404634515505508
ellipsoid,10,2.5,0.9373409410053088,0.8176146849537709,0.7838355594078414,0.9417489608525749
ellipsoid,10,2.5,0.9373409410053088,0.8012305003381738,0.7825897448489679,0.925235459770566
ellipsoid,10,2.5,0.9373409410053088,0.8124888959263623,0.7902008912681732,0.9354273901961245
ellipsoid,10,2.5,0.9373409410053088,0.827123494196406,0.7910296652969857,0.949987822663296
ellipsoid,10,2.5,0.9373409410053088,0.8225990898877812,0.7940183138719649,0.9489094744434805
ellipsoid,10,2.5,0.9373409410053088,0.8387700958638808,0.8014325135996846,0.9631767152594469
ellipsoid,10,2.5,0.9373409410053088,0.8036418666590408,0.785821029834747,0.9281623820997658
ellipsoid,10,2.5,0.9373409410053088,0.8286618628875673,0.794936767365649,0.9518811117624745
ellipsoid,10,2.5,0.9373409410053088,0.826724879939774,0.796554935901296,0.9493323224745183
ellipsoid,10,3.0,0.9373409410053088,0.7897408412641429,0.7657646856245018,0.9282611445198429
ellipsoid,10,3.0,0.9373409410053088,0.8102545216230302,0.7824072318636558,0.9465083431566538
ellipsoid,10,3.0,0.9373409410053088,0.7788445211481867,0.7537614485751785,0.9154714343975785
ellipsoid,10,3.0,0.9373409410053088,0.7839251455341176,0.7598100123747615,0.9217888585083779
ellipsoid,10,3.0,0.9373409410053088,0.7980881814032941,0.7714550600698767,0.9361602156850753
ellipsoid,10,3.0,0.9373409410053088,0.8215685411875214,0.7919145239702345,0.9593632984258929
ellipsoid,10,3.0,0.9373409410053088,0.787371543635687,0.7648527330196417,0.927219966165811
ellipsoid,10,3.0,0.9373409410053088,0.790463113495456,0.7634914127485563,0.9277973003068308
ellipsoid,10,3.0,0.9373409410053088,0.8163890610859746,0.7863628165183637,0.9526000920705832
ellipsoid,10,3.0,0.9373409410053088,0.7921129209719533,0.7648232662723922,0.9295334976876699
ellipsoid,10,4.0,0.9373409410053088,0.7703918379139089,0.7467097809625399,0.9348717559281463
ellipsoid,10,4.0,0.9373409410053088,0.7910966117104962,0.7598177506796306,0.9452539466727939
ellipsoid,10,4.0,0.9373409410053088,0.7811808254717153,0.7509171263103978,0.9385442198773062
ellipsoid,10,4.0,0.9373409410053088,0.7684023900931821,0.7350274124599068,0.9254003075467881
ellipsoid,10,4.0,0.9373409410053088,0.8141283469000278,0.7798888069934033,0.9698905719715673
ellipsoid,10,4.0,0.9373409410053088,0.7806338885957126,0.7491213275257607,0.9369875005091032
ellipsoid,10,4.0,0.9373409410053088,0.7832034451719988,0.752557761068993,0.9399045281752505
ellipsoid,10,4.0,0.9373409410053088,0.7738563159686014,0.7512251064380011,0.937464254156612
ellipsoid,10,4.0,0.9373409410053088,0.7673212841511047,0.7351660302168553,0.9252092102899317
ellipsoid,10,4.0,0.9373409410053088,0.7614322885226458,0.7375964294330447,0.924676004294172
ellipsoid,10,5.0,0.9373409410053088,0.7974409775928787,0.7728043360159493,0.9663210843119852
ellipsoid,10,5.0,0.9373409410053088,0.7873795575715805,0.7651519542437126,0.9590232240347677
ellipsoid,10,5.0,0.9373409410053088,0.7894716415755489,0.7743998419281394,0.9734676901670962
ellipsoid,10,5.0,0.9373409410053088,0.7742881884098298,0.7602626140764245,0.9576911790225108
ellipsoid,10,5.0,0.9373409410053088,0.783992832286045,0.763993180262473,0.9560735466732101
ellipsoid,10,5.0,0.9373409410053088,0.7742346635961632,0.7607495525618138,0.9561822187542898
ellipsoid,10,5.0,0.9373409410053088,0.7532051278050437,0.7379934000251392,0.9261041540637069
ellipsoid,10,5.0,0.9373409410053088,0.7653082865837245,0.746341154155676,0.932584870601936
ellipsoid,10,5.0,0.9373409410053088,0.7672691812244383,0.7514672995914862,0.9438098939589012
ellipsoid,10,5.0,0.9373409410053088,0.783465272985495,0.760528588675037,0.9489733866497264
ellipsoid,20,1.0,0.9373409410053087,0.8621939804995233,0.8621939804995233,0.938108552560892
ellipsoid,20,1.0,0.9373409410053087,0.8609183857208091,0.8609183857208091,0.93795598871847
ellipsoid,20,1.0,0.9373409410053087,0.860917151248039,0.860917151248039,0.9377640958275104
ellipsoid,20,1.0,0.9373409410053087,0.8614859374844247,0.8614859374844247,0.9385289315245429
ellipsoid,20,1.0,0.9373409410053087,0.8615687759296741,0.8615687759296741,0.9384791821601711
ellipsoid,20,1.0,0.9373409410053087,0.8613602382233319,0.8613602382233319,0.9371531944168386
ellipsoid,20,1.0,0.9373409410053087,0.8602229198401736,0.8602229198401736,0.9362649096096771
ellipsoid,20,1.0,0.9373409410053087,0.8608799661891334,0.8608799661891334,0.9372122418541737
ellipsoid,20,1.0,0.9373409410053087,0.8623127656712288,0.8623127656712288,0.9384870201442654
ellipsoid,20,1.0,0.9373409410053087,0.8616207808231795,0.8616207808231795,0.9379622497779103
ellipsoid,20,1.5,0.9373409410053087,0.8570735388379298,0.8297631787895849,0.9455231991171923
ellipsoid,20,1.5,0.9373409410053087,0.8415156051658853,0.8128542289208278,0.9260899957765408
ellipsoid,20,1.5,0.9373409410053087,0.8506689116890166,0.8228006094510031,0.936517374395353
ellipsoid,20,1.5,0.9373409410053087,0.8593465762871959,0.8339114026421895,0.9479740996126529
ellipsoid,20,1.5,0.9373409410053087,0.8546396745070897,0.8264044373110849,0.9419593141620903
ellipsoid,20,1.5,0.9373409410053087,0.843741711544381,0.8156229654412872,0.9287641727980437
ellipsoid,20,1.5,0.9373409410053087,0.8369172506507577,0.8143691642245555,0.9204088612618777
ellipsoid,20,1.5,0.9373409410053087,0.8606119611282625,0.8340397911693919,0.950055927712587
ellipsoid,20,1.5,0.9373409410053087,0.8464258665869329,0.8183113116977571,0.9317452570941922
ellipsoid,20,1.5,0.9373409410053087,0.8559754936252632,0.8292382815124256,0.9435447983343632
ellipsoid,20,2.0,0.9373409410053087,0.8285190975316831,0.797578688814915,0.9319877007589314
ellipsoid,20,2.0,0.9373409410053087,0.8247852292766,0.7952729691016616,0.9284010238403997
ellipsoid,20,2.0,0.9373409410053087,0.827082222093851,0.7965616391923239,0.9301203745050836
ellipsoid,20,2.0,0.9373409410053087,0.8165768122954922,0.7884226523418258,0.9185773679129728
ellipsoid,20,2.0,0.9373409410053087,0.8239138754048657,0.7945682919591921,0.9265163208100883
ellipsoid,20,2.0,0.9373409410053087,0.8175971008252271,0.7882860797218392,0.9199925518655439
ellipsoid,20,2.0,0.9373409410053087,0.855682061249794,0.8265298089667664,0.9632899750437658
ellipsoid,20,2.0,0.9373409410053087,0.8346334883218395,0.8024191584291036,0.9382663295357546
ellipsoid,20,2.0,0.9373409410053087,0.8161545381850724,0.789904775563882,0.9175572902154665
ellipsoid,20,2.0,0.9373409410053087,0.8383950704061692,0.8066336008420082,0.9426757009795105
ellipsoid,20,2.5,0.9373409410053087,0.8235812783141117,0.7928170086015205,0.9440096626962685
ellipsoid,20,2.5,0.9373409410053087,0.8407175905791596,0.8058031631885255,0.961138116650377
ellipsoid,20,2.5,0.9373409410053087,0.8100600291245367,0.7824209739277537,0.9305382532973466
ellipsoid,20,2.5,0.9373409410053087,0.8294263271467822,0.7977725059233712,0.9499593793858412
ellipsoid,20,2.5,0.9373409410053087,0.8157447670011883,0.7855020324344257,0.9345428653245211
ellipsoid,20,2.5,0.9373409410053087,0.8217055456658034,0.7897652780870782,0.941345454191425
ellipsoid,20,2.5,0.9373409410053087,0.8026979692557916,0.7773067824150138,0.921282366232573
ellipsoid,20,2.5,0.9373409410053087,0.8281959106224273,0.7949785122023797,0.9479511850602508
ellipsoid,20,2.5,0.9373409410053087,0.8450835548198035,0.8105506409001377,0.9665696154608138
ellipsoid,20,2.5,0.9373409410053087,0.8066348216422523,0.7759835446105677,0.9255417200196844
ellipsoid,20,3.0,0.9373409410053087,0.8130117679954526,0.7763519759824945,0.9458805047326387
ellipsoid,20,3.0,0.9373409410053087,0.7914252495360953,0.7607524481541103,0.9246361270918055
ellipsoid,20,3.0,0.9373409410053087,0.8255789579146685,0.7892979556239629,0.9581493702905571
ellipsoid,20,3.0,0.9373409410053087,0.7981896113228374,0.7627205749178665,0.9308986342105634
ellipsoid,20,3.0,0.9373409410053087,0.8280345691370296,0.791484060896542,0.9618062758649519
ellipsoid,20,3.0,0.9373409410053087,0.798436887418418,0.7625228236840076,0.9306536605947776
ellipsoid,20,3.0,0.9373409410053087,0.7902655522216462,0.7647113113275789,0.924666471421607
ellipsoid,20,3.0,0.9373409410053087,0.8068261823077651,0.7698397978693188,0.9394263609227478
ellipsoid,20,3.0,0.9373409410053087,0.7885606104889804,0.7632135116495246,0.9226304253734481
ellipsoid,20,3.0,0.9373409410053087,0.8131907310512955,0.7758416688239667,0.945439636891412
ellipsoid,20,4.0,0.9373409410053087,0.7683479704077949,0.7440543753330273,0.9228642710072031
ellipsoid,20,4.0,0.9373409410053087,0.7772855474034928,0.7515724646552074,0.9286894209844596
ellipsoid,20,4.0,0.9373409410053087,0.7715400702672234,0.7486529076768363,0.9277123287474455
ellipsoid,20,4.0,0.9373409410053087,0.8044306082629824,0.7750147282902387,0.9557072153017601
ellipsoid,20,4.0,0.9373409410053087,0.7738161071162202,0.7488411360561443,0.9257731020982326
ellipsoid,20,4.0,0.9373409410053087,0.7651639084384747,0.7429144125265449,0.9212944858863948
ellipsoid,20,4.0,0.9373409410053087,0.8114102905944868,0.7805431323963545,0.9597178344206059
ellipsoid,20,4.0,0.9373409410053087,0.7975427270840876,0.7697064301534866,0.95124879565012
ellipsoid,20,4.0,0.9373409410053087,0.8138477942035114,0.7836420499927094,0.963084807159052
ellipsoid,20,4.0,0.9373409410053087,0.7982947886182153,0.7698952349037343,0.9514608573193543
ellipsoid,20,5.0,0.9373409410053087,0.7534457233285727,0.7368359644477357,0.9262520392420364
ellipsoid,20,5.0,0.9373409410053087,0.7917354981067201,0.7671770500581554,0.9541252236500913
ellipsoid,20,5.0,0.9373409410053087,0.7812771718616963,0.758629089970031,0.9468689383483526
ellipsoid,20,5.0,0.9373409410053087,0.7503686355960862,0.7351008317825267,0.9227005350893573
ellipsoid,20,5.0,0.9373409410053087,0.764351386336863,0.7449656932598187,0.9322112211558811
ellipsoid,20,5.0,0.9373409410053087,0.7877722180571314,0.7635344739980258,0.950423978650678
ellipsoid,20,5.0,0.9373409410053087,0.7937075264494061,0.7693866748727671,0.9601238718282723
ellipsoid,20,5.0,0.9373409410053087,0.7604517517492768,0.7403065192478248,0.9267412452420132
ellipsoid,20,5.0,0.9373409410053087,0.7637861045869725,0.744749588608403,0.9321845443334367
ellipsoid,20,5.0,0.9373409410053087,0.7565687509861481,0.7393467443074843,0.9280896536100396
