case,comp,sz,sxy,vol,Req,prad_native,cr_native,prad_2.5,cr_2.5,prad_5.0,cr_5.0
lung_001.nii.gz,1,1.0,0.693359375,1304.2672157287598,6.777860970355589,0.63682443305753,0.7092031083832185,0.6536381707499845,0.7654359269868298,0.6748386653911727,0.8398026875393849
lung_003.nii.gz,1,1.2456597089767456,0.9375,1449.539169156924,7.020700532933326,0.7593578021816016,0.8349758417907146,0.7692015922232014,0.8934136369558903,0.7691586290910004,0.9497327148318802
lung_004.nii.gz,1,1.2454710006713867,0.828125,1321.343476379523,6.807312769380223,0.5761480281902254,0.6465861807102417,0.5999773731357946,0.7097808702504798,0.6078020036353506,0.7619907016765339
lung_005.nii.gz,1,1.0,0.654296875,7117.2356605529785,11.932760175487617,0.6812323813211087,0.7518773301208036,0.6928421091976402,0.8117384339808662,0.6936602904130513,0.8673355093983833
lung_006.nii.gz,1,0.625,0.9765620231628418,4202.123353025947,10.01059894451516,0.5452042371647413,0.6130952967744306,0.6631644808170707,0.7679007032895416,0.6909439052819799,0.8447247463353291
lung_009.nii.gz,1,1.25,0.8203120231628418,89464.46698995536,27.745165720677974,0.5961447507317911,0.656496806550971,0.6644478363659392,0.7753077868940138,0.691762918285056,0.846910723754991
lung_010.nii.gz,2,1.25,0.5976560115814209,12181.164330688382,14.273595910682484,0.5988023144976218,0.6754807915887843,0.6284867946294845,0.7500944596159334,0.6449291593832134,0.7991614859354264
lung_014.nii.gz,1,0.625,0.7421879768371582,31134.678792803363,19.51575062937198,0.6889280981184506,0.7543911786754395,0.7480890752647671,0.8804476893602444,0.7418603289407404,0.9193375704626465
lung_015.nii.gz,1,1.25,0.8203120231628418,1115.3513339351907,6.433406999564219,0.8083088134441794,0.8922576859435355,0.7940009986586644,0.9299906323456564,0.7726948814218157,0.9591516146879622
lung_016.nii.gz,1,1.2445175647735596,0.7773439884185791,5124.242195471381,10.694989101340848,0.5724492857534134,0.6348907368765516,0.6209115480866877,0.7327089016840713,0.6442655529985372,0.8019038404823774
lung_018.nii.gz,1,1.25,0.859375,8529.045104980469,12.674687700287436,0.5134131849345214,0.5654640163803626,0.559884506809264,0.6564662049818984,0.5904856818190518,0.742123452313616
lung_020.nii.gz,1,1.0,0.677734375,2794.067180633545,8.737410595894714,0.5850231971250316,0.6435631322320651,0.6559868188813769,0.7684486669806379,0.6912839307833909,0.8810699018466019
lung_022.nii.gz,1,0.625,0.8417969942092896,59101.30421125769,24.164036615675823,0.3386936522008891,0.37779422758003967,0.5236293496359999,0.6133847857605266,0.5749322723795094,0.7167646011929836
lung_023.nii.gz,1,0.625,0.8203120231628418,4905.527133868802,10.54060869295937,0.5062137573962759,0.5622522731069639,0.6436293263372729,0.7544222515680883,0.6621011473908727,0.8200596812121232
lung_025.nii.gz,1,0.9973404407501221,0.8007810115814209,3914.6536322453226,9.776909102582161,0.6753435399050093,0.7395447754510616,0.7295450763994182,0.8714697114938389,0.746227101763065,0.9277548823873639
lung_026.nii.gz,1,1.2444933652877808,0.78125,22211.593620450003,17.43801458619793,0.5966361534861625,0.6609828209583468,0.6278436840232037,0.7376763415203216,0.6438239421172339,0.7960257012172732
lung_027.nii.gz,1,1.2452651262283325,0.859375,29272.775055600505,19.11870308907284,0.6646715639212606,0.728516133202674,0.7097841640544542,0.8256413240424745,0.7376857923018508,0.9090898281240363
lung_028.nii.gz,5,1.2450199127197266,0.9101560115814209,151331.68188226994,33.058292386486876,0.4263825181857329,0.46561311926978505,0.5207789924451576,0.6021718279722735,0.5891881456308676,0.7196612913708484
lung_029.nii.gz,1,1.2450979948043823,0.8457030057907104,3494.365112393757,9.413689954893261,0.5512883598859266,0.6093854962300007,0.6302222087845704,0.7371336521234275,0.6442310363442051,0.7968760207939778
lung_031.nii.gz,1,1.245888113975525,0.703125,70776.13274891482,25.660556647718728,0.3956321122891747,0.4390017630419718,0.4785453797991348,0.5680725643475713,0.5436561893532774,0.6732726498884493
lung_033.nii.gz,1,1.245192289352417,0.8203120231628418,32764.583725612403,19.850525812573952,0.38260787820477077,0.42377846442623734,0.4483812858874556,0.5261136814142454,0.4853816674469071,0.5949656386302353
lung_034.nii.gz,1,1.2457770109176636,0.8984379768371582,14193.75802799402,15.019988355224799,0.543720116569627,0.5994481778816887,0.6130568864030945,0.710329187232021,0.6418360516440726,0.7832883731460548
lung_036.nii.gz,1,1.2453874349594116,0.78125,8076.31927273178,12.446338931730578,0.36900749035200364,0.40881325972874527,0.4484612182024018,0.5338781261689529,0.48895998533969387,0.6191164046332509
lung_037.nii.gz,1,2.5,0.78125,1153.564453125,6.506055322349296,0.6965873351885757,0.8254782607086094,,,0.6853064940062601,0.8501925269159507
lung_038.nii.gz,1,2.5,0.78125,5215.4541015625,10.75807347678957,0.6369684259138787,0.7516748766860282,,,0.6747560045367182,0.84159259045817
lung_041.nii.gz,1,1.2447916269302368,0.8203120231628418,63353.68509115764,24.730207333052395,0.461783556557818,0.5054032692988975,0.5984750535508878,0.7001907225834374,0.6774341293755097,0.8405020064141354
lung_042.nii.gz,1,2.5,0.7324219942092896,6020.220093632975,11.28516517196342,0.49687274936882714,0.5959519275378102,,,0.5447169605874382,0.6924661249825741
lung_043.nii.gz,1,2.5,0.7695310115814209,2830.6107338148095,8.775337867401523,0.5385306167223017,0.6401218879308492,,,0.5914514159367676,0.7354655405460993
lung_044.nii.gz,1,1.2455673217773438,0.859375,12602.398372255266,14.436265640182057,0.4391629182200817,0.48271145666098286,0.5523813152939221,0.643591005981613,0.6201309022858439,0.7591520475440194
lung_045.nii.gz,1,1.245039701461792,0.859375,6361.0555616469355,11.494238207256245,0.6110505085852846,0.6721116576650549,0.6558589391926508,0.7659940114405271,0.6840391874777826,0.848739310016706
lung_046.nii.gz,1,1.2444690465927124,0.78125,10087.764531126595,13.404031579698874,0.56576916611152,0.6248689745499725,0.6223161017226788,0.7294617736612636,0.6410035823747888,0.7907827770985251
lung_047.nii.gz,1,1.0,0.78515625,5034.713241577148,10.632336430095517,0.6635663878705685,0.7269748068192176,0.6960823143063126,0.8009812571521614,0.7237251333009903,0.8959757035077585
lung_048.nii.gz,1,1.0,0.814453125,2655.9889068603516,8.591042796702185,0.6177407880527428,0.6788839295677306,0.6976559376631551,0.8039024616693862,0.7660032460236018,0.9537059820698011
lung_049.nii.gz,1,1.25,0.703125,4852.386474609375,10.502408940381628,0.6143057524146385,0.6813922655643089,0.7003657259808006,0.8325632025919529,0.7490529576132472,0.9391129059303175
lung_051.nii.gz,1,2.5,0.78125,12173.4619140625,14.2705867740529,0.6734315183553011,0.7900060403908017,,,0.6922268228363242,0.8551682639295833
lung_053.nii.gz,1,1.245039701461792,0.9375,370380.83012681454,44.5505733005015,0.5721640605112862,0.6231243575119251,0.6763327252686615,0.7779861044183987,0.7309038343817107,0.89108287838632
lung_054.nii.gz,1,1.244813323020935,0.7578120231628418,6577.520968471426,11.623168773122629,0.5475728574464208,0.6049966900788631,0.6125100935974344,0.7226988109307877,0.6514013259704857,0.8100031789046095
lung_055.nii.gz,1,1.2448346614837646,0.8203120231628418,28578.581045746112,18.9663612176187,0.3848631027376491,0.4227343181099368,0.4612213584716829,0.5404835053094692,0.5072709643604705,0.6313189613547769
lung_057.nii.gz,1,2.5,0.78125,4772.94921875,10.444782517691172,0.7035853018401972,0.8267919001005776,,,0.7070463619014653,0.8764042819434384
lung_058.nii.gz,1,1.244813323020935,0.859375,802.5718124430568,5.764988311371826,0.7305755539210497,0.8114183887605589,0.7674312596749284,0.897920975460029,0.7703727644263826,0.9527279206832964
lung_059.nii.gz,1,1.2442660331726074,0.8203120231628418,1561.5296527639662,7.197039321125947,0.6015345616375638,0.670391821491395,0.6405090260701033,0.7574426676255033,0.666358479486381,0.8329471253225876
lung_061.nii.gz,1,1.2440757751464844,0.859375,1527.9337140033022,7.145050480677275,0.6213250426607015,0.6902777822619133,0.6753027002901273,0.7910458613602231,0.6879939040834135,0.8580330958180874
lung_062.nii.gz,1,1.2448559999465942,0.8203120231628418,4996.751123730038,10.605546110107113,0.6841855436339604,0.7550615501193277,0.736077692493054,0.8607358069221102,0.754934758002766,0.9339679396860578
lung_064.nii.gz,1,1.2449597120285034,0.703125,90826.4977878076,27.88525710132843,0.5732992517861915,0.6406421590346674,0.5873651141394869,0.6941523026380744,0.6021489854486515,0.7420532763739554
lung_065.nii.gz,1,2.5,0.7265620231628418,41436.911858077314,21.46674796630714,0.616833037588118,0.7273294302833238,,,0.6284916308811955,0.7794123728063125
lung_066.nii.gz,1,1.244813323020935,0.8867189884185791,7873.146035994286,12.34108184686204,0.5164574678365437,0.5752021888176483,0.5567702068944766,0.6519652086767063,0.581682165267181,0.7094138579624607
lung_069.nii.gz,1,1.2448346614837646,0.7871090173721313,832.1524435323165,5.8349628387930546,0.5893476037712492,0.6670504341827322,0.6294723792880668,0.7499419999627228,0.6726060872254953,0.8344438326060826
lung_070.nii.gz,1,1.2453007698059082,0.7617189884185791,2225.433068193571,8.099197248011434,0.6135453199239311,0.6862103620867315,0.6517973855419767,0.7726944040122457,0.6767972955977134,0.840768298890891
lung_071.nii.gz,1,1.245674729347229,0.703125,1681.8661654884636,7.377359403123489,0.5430277722506772,0.6126291997993073,0.5724861750914498,0.6811773853548935,0.5738390976236211,0.7127345864953503
lung_073.nii.gz,1,0.625,0.7890620231628418,9465.752605235866,13.12266916892564,0.36537152109545246,0.40683283502488143,0.5442137633440893,0.6435387911677206,0.609057159350115,0.7598735641356238
lung_074.nii.gz,13,1.0,0.625,27754.6875,18.782320375945226,0.37214627905254616,0.4116754805278174,0.41879940661550363,0.49184728433574576,0.4540240564985976,0.5654795145396728
lung_075.nii.gz,2,1.0,0.798828125,11326.743125915527,13.93174384441262,0.5517086774618771,0.6054219488289468,0.6083335559958651,0.6991945895472529,0.6482373205340423,0.7951191424827876
lung_078.nii.gz,1,2.4782607555389404,0.6035159826278687,5664.196110253368,11.058169029129205,0.5413776932961829,0.6555697551519509,,,0.572074319802102,0.7291549521512992
lung_079.nii.gz,1,1.2450199127197266,0.9296879768371582,3199.2312678256144,9.140830913806418,0.5729592572319496,0.6335121444737312,0.6612021348766381,0.7698745653606671,0.7035251089336765,0.8585366081394555
lung_080.nii.gz,1,0.625,0.6171879768371582,1162.2851974430912,6.522409058737926,0.5969434479126557,0.6513463576444899,0.6973364381478504,0.8462446936935142,0.7454772343492008,0.9635214305043076
lung_081.nii.gz,1,1.244979977607727,0.8808590173721313,2975.266638769657,8.922346691927103,0.5780189870577367,0.6388380201916023,0.6791144628690109,0.7946815815541644,0.7069142973680715,0.8759574375682915
lung_083.nii.gz,1,1.2451171875,0.78125,1394.525170326233,6.93073429252442,0.697535705298796,0.7740852984210611,0.7299541559219258,0.8587631880868885,0.7497628564294978,0.9378866453936684
lung_084.nii.gz,1,1.244813323020935,0.78125,17050.08287470264,15.966606727054355,0.44213858479253304,0.48851911009782495,0.5138437776774127,0.6045378001359168,0.5410614744201806,0.6730999248251672
lung_084.nii.gz,7,1.244813323020935,0.78125,414.83647117274813,4.626608740660971,0.48373557638951004,0.5533707259873774,0.5376685973977461,0.6588648563558399,0.6619485243732495,0.8540465417375631
lung_086.nii.gz,1,1.2453182935714722,0.78125,31272.05233911809,19.544411216453504,0.4537427094564502,0.5000509800887142,0.5251105628300666,0.6176477633680628,0.5771301719694877,0.7181590822061608
lung_092.nii.gz,1,1.2448979616165161,0.9492189884185791,3511.960787535024,9.429464206315151,0.7001429697313994,0.7674742819740252,0.715978428045114,0.8269241852980784,0.7291506925899403,0.9000125851017704
lung_093.nii.gz,2,1.2445175647735596,0.78125,2243.838431604672,8.121464013824646,0.6394534335266093,0.7083304824000979,0.6924481817503774,0.81684486528782,0.7155326498502658,0.8917004443011596
lung_095.nii.gz,1,1.2445887327194214,0.7714840173721313,4223.094236803287,10.027224098903964,0.5076706853683132,0.5632408390577459,0.5519500039137903,0.6562344405622925,0.618999849203745,0.7789764796563965
lung_096.nii.gz,1,1.2450199127197266,0.7832030057907104,737.7379337916485,5.605372801693767,0.8248903899525487,0.9098746907971297,0.7820084839717201,0.9237550271695925,0.7609232797204385,0.9427085213497761
